movieId,rating
1,8.3
2,7.0
3,6.6
4,5.8
5,6.0
6,8.2
7,6.3
8,5.6
9,5.7
10,7.2
11,6.8
12,5.9
13,7.1
14,7.1
15,5.6
16,8.2
17,7.7
18,6.8
19,6.4
20,5.6
21,6.9
22,6.6
23,6.3
24,6.6
25,7.5
26,6.9
27,6.8
28,7.7
29,7.6
30,7.2
31,6.5
32,8.0
34,6.8
36,7.5
38,5.9
39,6.8
40,6.9
41,7.5
42,6.9
43,6.7
44,5.8
45,6.8
46,6.2
47,8.6
48,6.7
49,6.6
50,8.6
52,7.1
53,7.6
54,5.6
55,6.5
57,6.6
58,7.7
60,6.0
61,6.2
62,7.3
63,6.6
64,5.2
65,4.4
66,2.4
68,6.4
69,7.3
70,7.2
71,4.2
72,6.9
73,7.5
74,6.1
75,4.6
76,6.4
77,7.3
78,6.3
79,5.6
80,7.7
81,6.8
82,7.5
83,7.2
85,7.0
86,6.6
87,5.3
88,6.3
89,6.3
92,5.8
93,4.5
94,7.2
95,6.0
96,7.3
97,8.1
99,6.6
100,6.2
101,7.0
102,3.8
103,6.0
104,7.0
105,7.6
106,7.3
107,7.0
108,6.4
110,8.4
111,8.3
112,6.8
113,6.1
116,8.1
117,7.1
118,4.9
119,4.8
121,7.7
122,5.5
123,8.1
125,6.8
126,3.2
128,7.2
129,5.8
132,5.2
135,6.1
137,5.9
140,6.1
141,7.0
144,6.6
145,6.9
146,5.8
147,7.3
148,6.0
149,7.0
150,7.6
151,6.9
152,6.4
153,5.4
154,7.8
155,6.6
156,6.7
157,5.9
158,6.1
159,6.9
160,5.1
161,7.3
162,8.0
163,7.2
164,6.7
165,7.6
166,6.0
168,5.9
169,5.0
170,6.2
171,6.7
172,5.6
173,5.5
174,4.2
175,7.0
176,7.5
177,6.1
178,6.7
179,5.3
180,7.2
181,5.2
183,6.8
184,6.0
185,5.9
186,5.5
187,6.6
188,6.5
189,5.2
190,7.2
191,5.2
193,4.7
194,7.4
195,5.7
196,5.8
198,7.2
199,7.9
201,6.2
202,6.6
203,6.5
204,5.5
205,6.7
206,6.4
207,6.7
208,6.2
209,5.3
210,5.9
211,7.3
212,5.5
213,7.9
214,8.0
215,8.1
216,6.4
217,4.3
218,6.4
219,7.7
220,5.9
222,6.6
223,7.8
224,6.7
225,6.1
227,5.6
228,4.5
229,7.3
230,7.4
231,7.3
232,7.8
233,7.1
234,4.2
235,7.9
236,6.6
237,6.4
238,6.4
239,6.8
240,5.3
241,6.7
242,6.9
243,3.9
246,8.3
247,7.4
248,6.0
249,7.5
250,6.7
251,6.0
252,6.2
253,7.6
254,5.7
255,4.7
256,4.6
257,6.4
258,4.8
259,5.9
260,8.6
261,7.3
262,7.7
263,7.5
265,7.2
266,7.5
267,6.2
269,6.5
270,5.9
271,6.5
272,7.2
273,6.4
274,5.2
275,5.4
276,5.5
277,6.5
278,5.4
279,7.3
280,7.3
281,7.4
282,6.5
283,6.7
284,4.2
285,3.4
287,5.6
288,7.3
289,6.5
290,7.9
291,4.4
292,6.6
293,8.6
294,6.1
295,5.4
296,8.9
298,7.3
299,7.0
300,7.5
301,6.7
302,7.5
303,6.4
304,6.4
305,5.1
306,8.1
307,8.0
308,7.7
310,5.5
311,5.7
312,5.3
313,6.5
314,7.5
315,5.5
316,7.1
317,6.4
318,9.3
319,7.3
320,6.6
321,7.5
322,7.1
324,7.3
325,5.6
326,8.3
327,5.3
328,6.7
329,6.6
330,6.3
331,6.5
332,5.6
333,7.1
334,7.4
335,6.2
336,4.8
337,7.8
338,5.6
339,6.7
340,6.7
341,7.1
342,7.2
343,5.8
344,6.9
345,7.5
346,6.7
347,7.2
348,7.5
349,6.9
350,6.7
351,6.6
352,6.9
353,7.6
354,6.4
355,4.9
356,8.8
357,7.1
358,6.5
359,6.8
360,5.3
361,6.4
362,6.0
363,8.0
364,8.5
365,6.1
366,6.5
367,6.9
368,7.0
369,6.4
370,6.5
371,6.6
372,6.6
373,7.0
374,5.3
376,6.4
377,7.2
378,5.7
379,5.9
380,7.2
381,6.6
382,6.2
383,6.7
384,5.4
385,6.9
386,5.9
387,6.0
388,7.2
389,7.0
390,6.8
391,6.6
393,3.9
405,4.4
406,6.4
407,7.2
408,6.6
409,6.6
410,6.7
412,7.2
413,6.1
414,5.5
415,5.5
416,5.1
417,7.0
418,5.4
419,4.9
420,5.5
421,6.6
422,6.2
423,6.2
424,6.1
425,6.4
426,5.9
427,4.6
428,7.8
429,5.2
430,5.0
431,7.9
432,5.5
433,5.7
434,6.4
435,5.3
436,5.1
437,5.1
438,5.8
440,6.8
441,7.7
442,6.6
444,4.3
445,5.7
446,8.1
448,7.1
449,7.2
450,6.7
451,6.2
452,6.7
453,6.1
454,6.8
455,5.9
456,7.6
457,7.8
458,6.5
459,5.7
460,4.7
461,5.6
464,6.1
466,6.6
467,5.4
468,6.6
469,6.9
470,4.4
471,7.3
472,5.6
473,4.9
474,7.2
475,8.1
476,6.5
477,7.3
478,5.3
479,6.6
480,8.1
481,6.7
482,6.5
484,5.9
485,6.3
486,5.6
487,5.5
488,6.8
489,5.0
490,6.4
491,6.7
492,7.4
493,7.5
494,6.4
495,6.6
496,7.0
497,7.4
499,5.9
500,7.0
501,7.9
502,4.4
504,6.1
505,4.4
506,7.2
507,7.5
508,7.7
509,7.6
510,6.0
511,6.4
512,5.9
513,6.2
514,6.9
515,7.9
516,6.2
517,6.2
518,5.8
519,4.0
520,6.7
521,6.6
522,6.8
523,7.1
524,7.6
526,7.1
527,8.9
528,5.3
529,7.5
531,7.3
532,6.7
533,6.0
534,7.3
535,7.7
536,6.3
537,5.8
538,6.9
539,6.8
540,5.0
541,8.2
542,5.8
543,6.4
544,5.8
546,4.0
547,6.2
548,5.4
549,7.5
550,6.2
551,8.0
552,6.4
553,7.8
555,7.9
556,7.4
558,6.0
562,7.4
563,7.1
564,5.0
567,6.5
568,6.4
569,6.1
573,6.9
574,6.3
575,6.3
577,5.7
579,6.8
580,5.9
581,7.8
583,7.3
585,6.0
586,7.5
587,7.0
588,8.0
589,8.5
590,8.0
592,7.6
593,8.6
594,7.6
595,8.0
596,7.5
597,7.0
599,8.0
600,6.1
602,7.5
605,6.5
606,5.3
608,8.1
609,5.9
610,6.7
611,5.1
612,5.0
613,6.8
615,7.6
616,7.1
617,7.1
618,5.4
619,2.6
626,5.7
627,6.8
628,7.7
631,5.5
632,7.6
633,6.8
634,2.5
635,7.0
636,4.9
637,5.8
638,6.6
639,5.1
640,5.4
645,7.4
647,6.6
648,7.1
649,7.1
650,6.5
653,6.5
656,5.2
661,6.7
662,6.2
663,6.8
665,8.1
667,4.8
668,8.5
670,8.3
671,7.3
673,6.4
674,5.9
678,7.5
679,6.3
680,7.2
685,7.1
688,5.0
691,6.2
692,4.0
694,5.9
695,5.3
697,5.4
698,4.5
700,6.7
703,4.9
704,5.6
706,5.9
707,6.2
708,6.3
709,6.7
710,5.2
711,5.3
714,7.7
715,7.1
718,7.0
719,6.0
722,7.3
724,6.3
725,5.4
726,5.8
728,7.3
731,5.7
733,7.4
735,7.2
736,6.3
737,3.3
741,8.0
742,5.7
743,5.3
745,8.2
747,4.2
748,6.3
750,8.4
757,7.2
759,7.4
760,7.5
761,4.9
762,4.4
764,6.9
765,5.8
766,6.6
773,7.1
775,6.6
778,8.2
779,4.8
780,7.0
781,6.6
782,5.8
783,6.9
784,6.1
785,6.9
786,6.1
788,5.6
790,7.5
795,5.2
798,5.9
799,7.1
800,7.5
801,6.0
802,6.4
803,6.8
804,6.0
805,7.4
806,5.7
808,5.7
809,5.3
810,2.9
813,5.6
818,5.7
823,7.6
824,6.9
828,5.3
829,5.4
830,6.3
832,6.7
833,5.5
835,6.2
836,5.6
837,6.9
838,6.7
839,4.6
840,5.8
841,7.7
842,5.3
848,6.9
849,5.7
851,6.9
852,6.3
858,9.2
861,6.9
866,7.4
867,4.9
869,6.3
870,4.7
875,6.1
876,6.2
879,5.7
880,4.5
881,5.2
882,5.7
885,5.3
886,5.8
888,5.7
889,6.3
891,4.9
892,7.3
893,7.2
896,7.5
897,6.9
898,8.0
899,8.3
900,7.2
901,7.1
902,7.7
903,8.3
904,8.5
905,8.1
906,7.8
907,7.6
908,8.3
909,8.3
910,8.2
911,8.0
912,8.5
913,8.1
914,7.9
915,7.7
916,8.1
917,7.3
918,7.6
919,8.0
920,8.2
921,7.4
922,8.4
923,8.3
924,8.3
926,8.3
927,8.0
928,8.1
929,7.6
930,8.0
931,7.6
932,7.5
933,7.5
934,7.2
935,7.5
936,8.0
937,7.3
938,6.8
940,8.0
941,7.6
942,8.0
943,7.9
944,7.8
945,7.8
946,8.2
947,8.1
948,7.7
949,8.0
950,8.1
951,8.0
952,6.8
953,8.6
954,8.2
955,8.0
956,7.2
959,7.3
961,7.3
963,6.8
965,7.8
968,7.9
969,7.9
970,6.6
971,8.0
973,7.7
976,6.5
979,6.9
981,4.5
982,7.2
984,5.3
986,6.8
987,6.1
988,6.7
990,5.5
991,7.2
993,6.1
994,7.3
996,6.4
998,6.9
999,6.5
1003,6.1
1004,5.4
1005,5.4
1006,6.0
1007,6.4
1008,7.1
1009,6.4
1010,6.5
1011,5.6
1012,7.3
1013,7.1
1014,7.4
1015,6.9
1016,6.5
1017,7.2
1018,6.7
1019,7.2
1020,6.9
1021,6.1
1022,7.3
1023,8.0
1024,6.5
1025,7.2
1027,6.9
1028,7.8
1029,7.3
1030,6.4
1031,7.1
1032,7.4
1033,7.3
1034,6.9
1035,8.0
1036,8.2
1037,5.4
1040,5.7
1041,8.0
1042,6.9
1043,5.8
1046,7.6
1047,6.8
1049,6.8
1050,7.4
1051,7.2
1053,6.3
1054,6.8
1055,4.9
1056,7.0
1057,6.8
1059,6.8
1060,7.3
1061,7.6
1064,6.4
1066,7.6
1068,7.4
1073,7.8
1076,7.9
1077,7.3
1078,7.1
1079,7.6
1080,8.1
1081,7.6
1082,7.1
1083,7.3
1084,7.8
1085,7.0
1086,8.2
1088,6.9
1089,8.3
1090,8.1
1091,6.4
1092,6.9
1093,7.2
1094,7.3
1095,7.8
1096,7.6
1097,7.9
1099,7.5
1100,6.0
1101,6.9
1103,7.8
1104,8.0
1105,4.3
1107,7.7
1111,7.9
1112,6.6
1114,6.6
1116,7.2
1117,7.6
1119,6.3
1120,7.3
1121,5.6
1123,7.3
1124,7.6
1125,7.1
1126,5.9
1127,7.6
1128,6.8
1129,7.2
1130,6.6
1131,8.1
1132,8.0
1135,6.1
1136,8.3
1137,5.9
1140,6.3
1144,7.2
1147,8.0
1148,8.3
1150,7.4
1151,7.5
1156,7.7
1161,7.6
1162,7.5
1163,7.4
1167,5.3
1170,4.9
1171,7.0
1172,8.5
1173,7.6
1175,7.7
1176,7.8
1177,7.4
1178,8.4
1179,7.0
1180,7.2
1183,7.4
1184,7.4
1185,7.9
1186,7.2
1187,7.5
1188,7.2
1189,8.0
1190,7.0
1191,6.2
1192,8.1
1193,8.7
1194,7.0
1196,8.7
1197,8.1
1198,8.5
1199,8.0
1200,8.4
1201,8.8
1202,7.7
1203,8.9
1204,8.3
1206,8.3
1207,8.3
1208,8.5
1209,8.5
1210,8.3
1211,8.1
1212,8.2
1213,8.7
1214,8.5
1215,7.6
1216,7.6
1217,8.2
1218,7.8
1219,8.5
1220,7.9
1221,9.0
1222,8.3
1223,7.8
1224,7.6
1225,8.3
1226,7.8
1227,8.4
1228,8.2
1230,8.0
1231,7.9
1232,8.1
1233,8.4
1234,8.3
1235,8.0
1236,7.4
1237,8.2
1238,7.4
1240,8.0
1241,7.5
1242,7.9
1243,7.5
1244,8.0
1245,7.8
1246,8.1
1247,8.0
1248,8.0
1249,7.3
1250,8.2
1251,8.1
1252,8.2
1253,7.8
1254,8.2
1255,6.7
1256,7.9
1257,7.2
1258,8.4
1259,8.1
1260,8.3
1261,7.8
1262,8.2
1263,8.1
1264,7.3
1265,8.0
1266,8.2
1267,8.0
1268,7.2
1269,8.0
1270,8.5
1271,7.7
1272,8.0
1273,7.8
1274,8.1
1275,7.2
1276,8.1
1277,7.5
1278,8.0
1279,7.8
1280,8.2
1281,8.5
1282,7.8
1283,8.0
1284,8.0
1285,7.3
1286,7.3
1287,8.1
1288,8.0
1289,8.3
1290,7.1
1291,8.2
1292,8.0
1293,8.1
1295,7.4
1296,7.3
1297,7.0
1298,8.0
1299,7.9
1300,7.6
1301,7.6
1302,7.5
1303,7.9
1304,8.1
1305,8.1
1306,6.8
1307,7.6
1310,7.7
1312,5.5
1318,5.3
1320,6.4
1321,7.6
1322,4.4
1323,4.1
1324,4.1
1325,3.7
1326,5.5
1327,6.2
1328,2.9
1329,6.2
1330,6.2
1331,5.8
1332,6.1
1333,7.7
1334,6.4
1335,4.4
1336,5.5
1337,7.4
1339,7.5
1340,7.9
1341,6.6
1342,6.6
1343,7.3
1344,7.8
1345,7.4
1346,6.2
1347,7.5
1348,8.0
1349,5.4
1350,7.6
1351,6.0
1352,6.1
1353,6.5
1354,7.9
1355,6.2
1356,7.6
1357,7.7
1358,8.0
1359,5.6
1361,8.3
1363,5.5
1365,7.4
1366,6.8
1367,5.7
1370,7.1
1371,6.4
1372,7.3
1373,5.5
1374,7.7
1375,6.7
1376,7.3
1377,7.0
1378,6.9
1379,6.5
1380,7.2
1381,4.3
1382,5.9
1385,6.5
1387,8.0
1388,5.7
1389,3.6
1390,6.5
1391,6.3
1392,7.0
1393,7.3
1394,7.4
1395,6.5
1396,7.1
1397,7.4
1398,6.0
1399,6.7
1401,6.7
1405,6.8
1406,7.6
1407,7.2
1408,7.8
1409,5.7
1411,7.8
1412,7.3
1413,7.2
1414,6.9
1415,6.9
1416,6.3
1417,6.3
1419,7.7
1422,6.1
1423,7.9
1425,6.4
1426,5.3
1427,4.8
1428,7.1
1429,6.6
1430,4.9
1431,5.5
1432,5.5
1437,7.2
1438,5.9
1439,5.2
1440,5.6
1441,7.2
1442,6.8
1445,4.4
1446,7.8
1447,7.0
1449,7.6
1453,5.4
1454,6.8
1456,5.0
1457,6.1
1458,5.7
1459,6.7
1460,4.6
1461,5.9
1464,7.6
1465,7.2
1466,7.8
1468,5.4
1473,5.7
1474,5.1
1475,6.0
1476,6.8
1477,7.5
1479,6.2
1480,6.4
1483,6.4
1484,6.9
1485,6.9
1487,6.7
1488,6.1
1489,6.9
1490,4.5
1493,6.3
1495,3.6
1496,6.4
1497,4.7
1498,6.4
1499,4.7
1500,7.4
1502,6.5
1503,5.3
1507,6.8
1513,6.2
1514,6.8
1515,5.5
1516,6.3
1517,7.0
1518,6.9
1519,6.5
1526,5.2
1527,7.7
1529,6.4
1533,7.8
1537,7.7
1541,6.1
1542,7.1
1544,6.5
1545,7.6
1546,7.0
1547,6.4
1549,5.6
1550,5.7
1551,4.8
1552,6.8
1554,6.7
1556,3.8
1562,3.7
1564,7.2
1565,6.0
1566,7.3
1569,6.3
1571,6.8
1572,7.7
1573,7.3
1574,6.1
1580,7.3
1581,6.1
1582,6.3
1583,5.4
1584,7.4
1585,7.0
1586,5.9
1587,6.9
1588,5.5
1589,6.9
1590,6.7
1591,5.2
1592,5.2
1593,5.5
1594,7.2
1596,7.2
1597,6.7
1598,6.1
1599,2.8
1600,5.9
1601,6.3
1602,5.2
1603,5.9
1604,6.2
1605,5.3
1606,4.8
1608,6.5
1609,6.7
1610,7.6
1611,7.1
1612,6.1
1613,5.9
1614,6.4
1615,6.9
1616,5.9
1617,8.3
1619,7.1
1620,6.6
1621,7.0
1623,5.8
1624,6.0
1625,7.8
1626,5.0
1627,6.8
1629,6.5
1631,6.9
1633,7.1
1635,7.5
1639,7.3
1641,7.2
1642,5.8
1643,7.3
1644,5.7
1645,7.5
1646,5.9
1647,5.6
1648,6.6
1649,7.3
1650,6.7
1652,6.6
1653,7.8
1654,6.5
1655,5.4
1656,6.9
1658,6.4
1659,6.5
1660,7.3
1661,6.4
1662,6.5
1663,6.9
1665,6.4
1667,6.2
1670,6.8
1671,6.7
1672,7.1
1673,7.9
1674,7.4
1675,6.6
1676,7.2
1677,6.0
1678,7.6
1679,2.4
1680,6.7
1681,3.7
1682,8.1
1683,7.2
1684,6.8
1685,5.5
1686,6.3
1687,6.4
1688,7.1
1689,6.6
1690,6.2
1693,7.3
1694,7.2
1695,6.8
1696,7.3
1699,7.2
1701,7.4
1702,5.2
1703,5.8
1704,8.3
1707,4.4
1711,6.6
1713,6.4
1717,6.2
1718,5.5
1719,7.6
1721,7.8
1722,6.5
1726,6.0
1727,6.6
1729,7.5
1730,7.0
1731,3.9
1732,8.1
1733,6.1
1734,7.6
1735,6.8
1739,2.8
1746,6.0
1747,7.1
1748,7.7
1752,5.8
1753,6.7
1754,7.0
1755,6.6
1757,7.7
1759,7.4
1760,3.5
1762,6.0
1767,6.5
1769,6.1
1770,6.0
1771,6.0
1772,4.8
1777,6.8
1779,6.1
1783,6.0
1784,7.7
1785,7.0
1791,6.2
1792,6.5
1793,5.8
1794,7.0
1797,7.1
1798,5.3
1799,7.0
1801,6.5
1804,6.1
1805,6.5
1806,6.5
1807,6.3
1809,7.8
1810,6.7
1812,6.0
1816,5.6
1821,6.0
1824,5.8
1825,5.8
1826,3.0
1827,7.1
1829,6.3
1831,5.1
1833,6.1
1834,7.3
1835,6.7
1836,6.7
1837,6.4
1839,4.9
1840,6.9
1841,5.8
1844,7.4
1845,7.0
1848,5.9
1855,4.9
1856,6.1
1857,6.0
1858,6.2
1859,7.7
1860,7.8
1862,4.4
1863,4.6
1866,6.1
1867,4.0
1870,6.8
1873,7.5
1875,6.5
1876,6.2
1881,6.3
1882,5.3
1883,6.8
1884,7.7
1885,6.5
1887,5.8
1888,6.0
1889,7.3
1891,6.2
1892,6.5
1893,7.5
1894,5.8
1895,6.5
1897,6.7
1900,8.3
1902,6.2
1904,7.3
1906,6.5
1907,7.6
1909,7.0
1910,7.0
1911,5.4
1912,7.0
1913,7.5
1914,7.2
1916,7.5
1917,6.7
1918,6.6
1919,6.0
1920,6.2
1921,7.4
1922,6.5
1923,7.1
1924,4.0
1926,6.2
1927,8.1
1928,6.0
1929,7.5
1931,7.8
1932,6.8
1933,7.3
1934,8.0
1936,7.6
1937,7.2
1938,8.0
1939,8.1
1940,7.4
1941,7.8
1942,7.5
1944,7.7
1945,8.2
1946,7.7
1947,7.6
1948,6.6
1949,7.8
1950,8.0
1951,7.5
1952,7.9
1953,7.8
1954,8.1
1955,7.8
1956,7.8
1957,7.2
1958,7.4
1959,7.2
1960,7.8
1961,8.0
1962,7.4
1963,7.3
1964,7.2
1965,6.9
1966,7.4
1967,7.4
1968,7.9
1969,5.4
1970,6.6
1971,5.7
1972,5.2
1973,4.9
1974,6.5
1975,6.1
1976,5.7
1977,6.0
1978,4.8
1979,6.0
1980,5.3
1981,4.6
1982,7.8
1983,6.6
1984,4.8
1985,5.9
1986,5.2
1987,5.4
1990,4.2
1991,6.6
1992,5.8
1993,5.1
1994,7.4
1995,5.7
1996,4.6
1997,8.0
1998,3.8
1999,6.4
2000,7.6
2001,7.2
2002,6.7
2003,7.3
2004,6.4
2005,7.8
2006,6.7
2007,5.4
2008,5.2
2009,7.1
2010,8.3
2011,7.8
2012,7.4
2013,7.1
2014,6.3
2015,6.8
2016,6.0
2017,6.3
2018,7.3
2019,8.7
2020,7.6
2021,6.6
2022,7.6
2023,7.6
2024,6.4
2025,6.9
2026,5.6
2027,5.5
2028,8.6
2032,6.0
2033,6.5
2034,5.9
2035,6.8
2036,5.2
2037,6.8
2038,6.0
2040,6.1
2041,5.8
2042,6.0
2043,7.2
2044,5.0
2046,6.9
2048,7.2
2050,4.9
2051,5.6
2052,6.8
2053,4.8
2054,6.3
2055,6.1
2056,6.7
2057,7.1
2058,7.3
2059,6.5
2060,6.6
2064,7.5
2065,7.7
2066,8.0
2067,8.0
2068,8.1
2069,7.6
2070,7.4
2071,7.8
2072,6.9
2073,6.7
2074,6.8
2075,7.8
2076,7.8
2077,7.0
2078,7.6
2080,7.3
2081,7.6
2082,6.5
2083,7.7
2084,7.0
2085,7.3
2087,7.3
2088,5.2
2089,6.9
2090,6.9
2091,5.9
2092,5.9
2093,6.8
2094,6.4
2095,5.9
2096,7.3
2097,6.8
2098,6.1
2099,7.3
2100,6.2
2102,7.7
2103,5.9
2104,6.6
2105,6.8
2106,6.8
2107,5.7
2108,6.7
2109,7.2
2110,6.8
2111,6.4
2112,6.9
2114,7.2
2115,7.6
2116,6.2
2117,7.2
2118,7.2
2119,5.4
2120,6.2
2121,6.1
2122,5.6
2123,6.7
2124,6.9
2125,7.0
2126,6.0
2130,7.4
2131,8.3
2132,8.0
2133,6.9
2134,6.6
2135,6.2
2136,6.7
2137,6.9
2138,7.7
2139,7.6
2140,7.2
2141,6.9
2142,6.5
2143,6.5
2144,7.1
2145,6.8
2146,6.4
2147,5.4
2148,6.2
2149,5.4
2150,7.3
2151,6.9
2152,4.5
2153,3.7
2154,5.6
2155,6.6
2156,6.4
2159,7.0
2160,8.0
2161,7.4
2162,5.1
2163,4.6
2164,3.6
2165,6.4
2166,6.9
2167,7.1
2169,6.1
2170,6.1
2171,6.7
2172,6.7
2174,7.5
2175,7.1
2176,8.0
2177,6.8
2178,7.4
2179,6.3
2180,6.7
2181,7.2
2182,7.5
2183,7.5
2184,7.1
2185,7.3
2186,8.0
2187,7.1
2188,5.8
2190,6.4
2193,7.3
2194,7.9
2195,6.5
2196,4.8
2201,6.5
2202,7.8
2203,7.9
2204,7.2
2205,6.5
2206,7.4
2207,6.3
2208,7.9
2210,7.1
2211,6.6
2212,6.9
2226,6.3
2227,7.3
2231,7.3
2232,7.2
2236,6.9
2239,7.7
2240,7.1
2241,5.9
2243,7.2
2244,4.1
2245,6.8
2247,6.1
2248,7.4
2249,6.3
2252,6.5
2253,5.0
2255,5.3
2256,3.6
2257,5.5
2259,5.7
2260,5.7
2261,6.4
2262,6.2
2263,5.9
2264,6.1
2265,5.0
2266,5.3
2267,5.7
2268,7.7
2269,5.9
2271,6.3
2272,7.0
2273,7.0
2275,6.7
2278,7.3
2279,5.5
2280,6.6
2281,6.7
2282,6.4
2283,6.8
2286,5.0
2287,7.3
2288,8.1
2289,7.6
2290,7.4
2291,7.9
2292,6.2
2294,6.6
2295,6.5
2296,6.2
2297,7.0
2298,5.0
2300,7.7
2301,6.9
2302,7.6
2303,7.8
2304,6.4
2306,4.9
2307,5.2
2310,7.3
2311,6.8
2312,7.2
2313,8.2
2314,5.9
2315,5.4
2316,6.2
2318,7.8
2320,6.7
2321,7.5
2322,6.0
2323,7.7
2324,8.6
2325,6.2
2327,6.2
2328,6.1
2329,8.5
2330,7.7
2331,6.6
2332,6.1
2333,7.5
2334,6.3
2335,6.1
2336,7.5
2337,7.0
2338,4.6
2339,5.4
2340,7.2
2342,7.4
2344,7.3
2346,6.9
2347,6.7
2348,7.1
2349,7.4
2350,5.6
2351,8.1
2352,7.2
2353,7.3
2354,5.9
2355,7.2
2356,6.3
2357,8.0
2358,7.3
2359,7.4
2360,8.1
2361,6.1
2362,4.2
2363,7.6
2364,6.2
2365,5.9
2366,7.9
2367,5.9
2368,3.8
2369,5.9
2370,6.9
2371,6.9
2372,6.1
2373,5.1
2374,6.2
2375,6.3
2376,6.3
2377,6.1
2378,6.7
2379,5.7
2380,5.3
2381,4.9
2382,4.5
2383,4.3
2384,5.8
2385,5.0
2387,6.3
2388,6.9
2389,4.6
2390,7.0
2391,7.5
2392,5.3
2393,6.4
2394,7.1
2395,7.7
2396,7.1
2398,7.9
2399,6.2
2400,6.4
2401,7.3
2402,6.5
2403,7.7
2404,5.8
2405,6.1
2406,6.9
2407,6.7
2408,5.4
2409,7.2
2410,6.8
2411,6.8
2412,5.3
2413,7.3
2414,6.8
2415,5.8
2416,6.6
2417,6.1
2418,5.9
2419,6.3
2420,7.2
2421,6.0
2422,5.1
2423,7.6
2424,6.6
2425,7.3
2427,7.6
2428,6.5
2429,5.6
2430,7.0
2431,6.8
2432,6.8
2433,6.6
2435,5.8
2436,6.9
2439,7.0
2442,7.4
2443,7.1
2445,5.9
2446,5.5
2447,6.5
2448,4.9
2450,4.6
2451,6.0
2453,6.5
2454,7.1
2455,7.5
2456,5.0
2457,6.5
2458,5.6
2459,7.5
2460,5.6
2462,3.2
2463,6.9
2465,5.5
2467,7.8
2468,5.8
2469,6.4
2470,6.6
2471,5.6
2472,6.2
2473,5.2
2474,7.0
2475,6.4
2476,6.8
2477,5.1
2478,6.5
2481,7.5
2482,7.1
2483,7.5
2485,5.9
2488,7.7
2490,7.1
2491,5.3
2492,5.3
2493,7.2
2494,7.6
2495,7.8
2496,6.6
2497,6.2
2498,5.0
2500,5.5
2501,7.8
2502,7.8
2503,7.3
2504,5.9
2505,6.5
2506,6.5
2511,7.7
2512,7.9
2513,6.6
2514,4.8
2515,4.3
2516,4.1
2517,6.7
2518,6.5
2520,6.6
2521,5.6
2522,5.7
2523,6.2
2524,6.9
2525,5.9
2526,5.0
2527,7.0
2528,6.8
2529,8.0
2530,6.1
2531,5.5
2532,6.1
2533,6.3
2534,3.7
2535,5.9
2537,4.6
2538,7.2
2539,6.7
2540,6.0
2541,6.8
2542,8.2
2544,6.8
2546,6.4
2548,4.7
2549,4.2
2550,7.6
2551,7.3
2552,5.4
2553,7.3
2554,6.2
2555,2.6
2557,7.4
2558,5.4
2559,4.2
2560,7.0
2561,6.6
2563,7.3
2565,7.5
2566,5.0
2567,6.1
2568,4.2
2570,6.6
2571,8.7
2572,7.3
2573,7.1
2574,5.4
2575,7.5
2577,6.4
2579,7.6
2580,7.3
2581,6.1
2582,6.4
2583,6.9
2585,7.8
2586,5.6
2587,6.7
2589,4.5
2590,6.1
2593,7.5
2594,7.8
2596,7.5
2597,5.0
2598,6.0
2599,7.3
2600,6.8
2605,6.3
2606,6.2
2607,7.6
2609,7.6
2611,7.4
2612,8.0
2613,6.4
2614,5.6
2615,6.0
2616,6.1
2617,7.0
2618,7.7
2620,7.1
2622,6.4
2623,5.3
2624,7.7
2625,6.1
2628,6.5
2629,5.4
2630,7.0
2632,8.0
2633,7.2
2634,6.8
2639,6.7
2640,7.4
2641,6.8
2642,5.0
2643,3.7
2644,7.6
2648,7.9
2651,6.6
2652,7.2
2654,7.4
2655,3.5
2656,6.5
2657,7.4
2659,5.8
2660,7.2
2661,6.6
2662,7.1
2664,7.8
2665,6.4
2668,5.4
2669,7.1
2670,7.4
2671,7.1
2672,7.0
2674,5.4
2676,6.6
2677,7.6
2681,7.0
2682,7.0
2683,6.6
2686,7.7
2687,7.3
2688,6.3
2690,6.9
2691,8.1
2692,7.7
2693,6.9
2694,6.4
2695,7.2
2696,7.7
2697,7.0
2698,4.6
2699,6.4
2700,7.8
2701,4.9
2702,6.6
2706,7.0
2707,7.2
2708,7.6
2709,6.3
2710,6.4
2712,7.4
2713,5.7
2716,7.8
2717,6.5
2718,6.6
2719,4.9
2720,4.1
2722,5.8
2723,6.1
2724,5.5
2725,7.3
2726,8.0
2727,6.7
2728,7.9
2729,7.6
2730,8.1
2731,8.1
2732,7.8
2733,5.6
2734,6.6
2735,5.9
2736,6.8
2737,5.2
2738,6.4
2739,7.8
2740,5.6
2741,5.7
2742,7.0
2743,5.9
2744,7.2
2745,7.5
2746,7.0
2747,6.3
2748,4.5
2749,6.0
2750,7.6
2751,6.2
2752,6.1
2754,4.6
2757,7.4
2759,6.1
2761,8.0
2762,8.1
2763,6.8
2764,7.0
2765,6.3
2766,6.8
2769,6.4
2770,6.4
2771,6.4
2772,6.9
2774,6.1
2775,6.4
2779,6.9
2782,7.1
2784,7.1
2786,5.6
2787,6.3
2788,7.6
2789,6.3
2790,5.6
2791,7.8
2792,6.1
2793,5.1
2794,6.2
2795,7.4
2796,6.2
2797,7.3
2798,5.3
2799,4.7
2800,7.2
2801,6.7
2802,6.0
2803,6.6
2804,8.0
2805,5.8
2806,5.3
2807,4.2
2808,6.0
2810,7.9
2812,6.2
2813,7.5
2815,5.4
2816,3.7
2817,3.5
2818,3.3
2819,7.5
2820,7.5
2822,6.0
2824,7.5
2826,6.6
2827,5.3
2828,3.9
2829,5.6
2835,5.2
2836,6.4
2837,6.4
2839,7.7
2840,6.2
2841,7.0
2843,8.1
2844,6.2
2846,7.1
2847,7.7
2848,7.7
2851,5.1
2852,7.2
2856,6.3
2857,7.4
2858,8.4
2859,8.5
2860,6.3
2861,6.6
2862,5.3
2863,7.7
2865,6.1
2866,7.3
2867,7.1
2868,5.9
2870,7.0
2871,7.7
2872,7.4
2874,6.8
2875,6.2
2876,6.4
2877,6.6
2878,5.9
2879,7.3
2880,7.1
2881,6.4
2882,6.5
2883,6.9
2884,5.1
2885,6.0
2886,5.9
2887,2.5
2888,5.8
2889,6.7
2890,7.1
2891,6.3
2892,4.9
2893,6.4
2894,5.3
2896,6.4
2897,7.6
2898,5.9
2899,6.7
2900,6.2
2901,6.8
2902,6.5
2903,5.3
2905,8.1
2906,5.1
2907,5.1
2908,7.6
2912,7.1
2915,6.8
2916,7.5
2917,7.4
2918,7.8
2919,7.2
2921,7.6
2922,7.0
2924,7.6
2925,8.1
2926,7.0
2927,8.1
2928,6.6
2929,7.4
2930,8.3
2931,8.2
2932,7.9
2935,7.9
2936,8.1
2937,7.7
2939,7.1
2940,7.7
2941,6.9
2942,6.2
2943,7.1
2944,7.8
2946,7.3
2947,7.7
2948,7.4
2949,7.3
2950,5.7
2951,8.0
2952,7.2
2953,6.7
2956,6.1
2959,8.8
2961,5.9
2962,6.7
2964,6.7
2965,3.5
2966,8.0
2967,7.5
2968,7.0
2969,7.6
2970,8.1
2971,7.8
2972,7.5
2973,7.9
2974,3.7
2975,6.8
2976,6.8
2977,6.3
2978,6.1
2979,4.9
2982,5.3
2983,7.3
2984,7.8
2985,7.6
2986,5.8
2987,7.7
2988,6.9
2989,6.8
2990,6.6
2991,6.8
2992,5.2
2993,7.0
2995,5.6
2996,6.8
2997,7.8
3000,8.4
3002,7.9
3003,7.7
3004,5.0
3005,6.7
3006,7.9
3007,7.9
3008,7.2
3010,7.6
3011,7.9
3013,6.3
3014,6.1
3015,6.9
3016,6.9
3017,6.1
3018,7.2
3019,7.4
3020,7.6
3021,6.0
3022,8.2
3024,5.9
3028,7.2
3029,6.4
3030,8.3
3031,4.8
3032,6.6
3033,7.1
3034,7.6
3035,7.7
3036,7.4
3037,7.6
3038,8.2
3039,7.5
3040,6.2
3041,3.6
3042,3.4
3043,3.1
3044,7.0
3045,7.0
3046,6.5
3048,5.4
3051,6.2
3052,7.3
3053,6.4
3054,6.1
3055,7.0
3056,6.1
3057,6.3
3060,7.6
3061,7.5
3062,7.8
3063,5.4
3064,4.9
3066,7.5
3067,7.6
3068,7.8
3070,6.4
3071,7.3
3072,7.1
3073,6.3
3074,7.6
3075,7.8
3076,7.4
3077,8.3
3078,7.1
3079,7.1
3081,7.4
3082,6.4
3083,7.9
3086,7.3
3087,7.0
3088,8.0
3089,8.3
3090,7.9
3091,8.0
3093,7.7
3094,7.7
3095,8.1
3096,6.4
3097,8.1
3098,7.5
3099,6.3
3100,7.3
3101,6.9
3102,6.5
3103,6.3
3104,7.6
3105,7.8
3106,6.7
3107,6.7
3108,7.6
3109,6.3
3111,7.4
3112,7.6
3113,5.7
3114,7.9
3115,6.4
3117,6.8
3120,5.9
3125,7.1
3127,5.9
3129,7.3
3130,5.5
3132,7.4
3134,8.1
3135,7.2
3138,6.8
3141,6.1
3142,7.5
3143,7.3
3145,6.9
3146,5.7
3147,8.6
3148,7.4
3150,7.4
3152,8.1
3153,7.1
3155,6.7
3156,6.9
3157,5.9
3158,7.3
3159,7.2
3160,8.0
3161,6.9
3162,4.5
3163,7.4
3165,4.9
3167,7.0
3168,7.4
3169,6.8
3171,7.6
3173,6.9
3174,7.4
3175,7.3
3176,7.4
3177,6.1
3178,7.6
3179,7.3
3181,7.2
3182,7.5
3183,6.6
3185,6.8
3186,7.4
3189,7.1
3190,4.8
3192,7.1
3194,7.1
3196,8.0
3197,6.0
3198,8.0
3200,7.6
3201,7.5
3203,6.8
3204,7.0
3206,5.9
3208,6.1
3210,7.2
3211,6.9
3213,7.9
3214,6.4
3217,7.6
3219,6.4
3221,7.3
3223,7.4
3224,8.5
3225,5.0
3230,7.0
3235,6.7
3238,4.9
3240,6.3
3241,6.9
3243,5.7
3244,7.4
3246,7.7
3247,6.4
3248,5.5
3249,6.6
3250,7.1
3251,6.6
3252,8.0
3253,7.0
3254,6.2
3255,7.2
3256,6.9
3257,6.2
3258,6.5
3259,6.6
3260,7.5
3261,6.7
3262,7.2
3263,6.7
3264,5.6
3265,7.9
3266,7.5
3267,6.9
3268,4.2
3269,6.3
3270,6.9
3271,7.5
3272,7.1
3273,5.6
3274,6.4
3275,7.8
3276,5.7
3280,6.1
3281,7.3
3283,7.4
3284,7.0
3285,6.6
3286,5.0
3287,6.3
3289,7.7
3294,5.5
3295,7.4
3296,7.7
3298,7.0
3299,4.8
3300,7.1
3301,6.7
3302,6.7
3303,8.0
3306,8.1
3307,8.5
3308,6.2
3310,8.3
3313,4.6
3315,6.5
3316,5.7
3317,7.4
3323,6.1
3324,5.6
3325,4.7
3326,5.6
3327,7.6
3328,7.5
3329,7.5
3330,7.8
3331,5.2
3334,7.9
3338,8.2
3341,7.6
3342,7.3
3344,5.1
3345,6.9
3347,7.5
3350,8.1
3353,6.3
3354,5.6
3355,6.7
3357,7.5
3358,7.3
3359,7.7
3360,7.6
3361,7.1
3362,8.0
3363,7.5
3364,7.9
3365,8.0
3368,7.9
3370,6.3
3372,6.8
3374,6.5
3378,7.0
3379,7.2
3384,7.7
3385,5.5
3386,8.0
3387,5.8
3388,6.0
3389,5.2
3390,3.1
3391,4.7
3392,5.5
3393,5.8
3394,5.9
3395,5.5
3396,7.6
3397,7.2
3398,6.9
3400,6.1
3401,5.0
3402,7.0
3403,4.8
3404,7.2
3405,7.9
3406,7.4
3408,7.3
3409,6.7
3410,6.6
3412,7.7
3414,6.6
3415,8.1
3417,7.3
3418,7.4
3420,7.4
3421,7.5
3422,6.7
3423,5.9
3424,7.9
3425,6.6
3426,6.5
3428,6.8
3429,7.7
3430,7.0
3431,6.0
3432,5.9
3433,5.4
3434,4.9
3435,8.3
3436,6.0
3438,6.8
3439,6.0
3440,4.8
3441,6.4
3442,6.3
3444,6.8
3445,6.1
3446,7.0
3447,7.7
3448,7.3
3449,5.9
3450,7.0
3451,7.8
3452,6.1
3453,5.1
3454,5.5
3455,6.4
3456,8.2
3459,5.8
3461,7.0
3462,8.5
3466,6.9
3467,7.9
3468,8.0
3469,8.2
3470,8.3
3471,7.7
3473,7.6
3474,6.2
3475,7.8
3476,7.5
3477,6.7
3478,6.9
3479,7.0
3480,6.9
3481,7.5
3483,6.9
3484,5.6
3489,6.7
3492,7.3
3494,7.5
3496,6.7
3497,6.6
3498,7.6
3499,7.8
3500,5.8
3501,7.0
3502,6.9
3503,8.1
3504,8.1
3505,7.1
3506,7.0
3507,7.7
3508,7.9
3510,7.4
3511,5.4
3512,6.9
3513,6.4
3514,6.6
3515,6.5
3516,6.9
3519,6.4
3521,7.6
3524,6.9
3525,6.3
3526,7.0
3527,7.8
3528,6.7
3529,6.6
3531,6.8
3534,6.0
3535,7.6
3536,6.4
3537,6.3
3538,6.9
3539,7.7
3543,7.2
3544,5.6
3545,7.8
3546,8.1
3548,8.0
3549,7.2
3550,6.7
3551,7.5
3552,7.3
3553,5.9
3554,7.2
3555,6.6
3556,7.2
3557,6.3
3559,8.1
3563,5.0
3564,3.6
3565,6.8
3566,6.6
3567,6.5
3568,7.5
3569,6.8
3571,6.2
3572,3.5
3573,3.5
3574,3.0
3576,7.0
3577,5.0
3578,8.5
3580,6.0
3581,7.1
3584,5.8
3586,6.9
3587,6.7
3590,5.8
3591,6.5
3592,7.5
3593,2.5
3594,6.7
3596,5.7
3597,4.5
3598,6.0
3599,7.2
3604,7.2
3606,7.6
3608,7.0
3609,7.4
3614,5.8
3615,6.5
3616,5.3
3617,6.5
3618,6.7
3619,6.3
3622,6.6
3623,6.1
3624,6.6
3625,7.1
3626,5.9
3627,7.2
3628,6.8
3629,8.2
3632,8.0
3633,6.8
3634,7.9
3635,7.1
3637,7.8
3638,6.3
3639,6.8
3640,7.2
3641,7.1
3643,6.6
3646,5.1
3648,6.5
3649,6.3
3652,6.3
3653,7.8
3654,7.6
3655,7.2
3658,7.1
3660,5.7
3661,5.5
3662,6.1
3663,5.3
3664,5.2
3667,4.5
3668,7.6
3669,6.1
3671,7.8
3672,6.2
3673,6.3
3674,6.1
3675,7.6
3676,7.4
3677,8.6
3678,7.5
3679,7.7
3680,7.3
3681,8.3
3682,7.2
3683,7.6
3684,6.8
3685,6.8
3686,6.6
3687,7.1
3688,6.2
3689,5.0
3690,4.7
3691,5.2
3692,5.7
3693,6.3
3694,5.1
3695,4.4
3696,6.8
3697,6.3
3698,6.7
3699,7.0
3700,6.8
3701,6.3
3702,6.9
3703,7.6
3704,6.3
3705,5.9
3706,7.3
3707,5.9
3708,6.0
3709,5.2
3710,5.3
3711,6.4
3712,6.5
3713,7.3
3714,6.3
3715,5.1
3716,5.4
3717,6.5
3719,6.1
3720,7.5
3723,6.8
3724,7.3
3725,7.2
3726,7.4
3727,7.0
3728,7.2
3729,6.6
3730,7.9
3731,6.9
3732,6.4
3733,7.2
3735,7.8
3736,8.2
3737,7.7
3738,6.8
3739,8.1
3740,7.3
3741,7.9
3742,8.0
3743,5.4
3744,5.9
3745,6.6
3746,7.6
3747,7.0
3751,7.1
3752,6.6
3753,7.2
3754,4.2
3755,6.4
3756,6.0
3758,5.7
3760,6.5
3761,8.0
3763,6.7
3764,5.8
3765,6.4
3766,5.4
3767,5.3
3768,4.8
3769,7.1
3770,6.3
3771,6.8
3773,6.4
3774,5.2
3783,7.1
3784,6.1
3785,6.2
3786,6.6
3787,7.5
3788,7.6
3789,7.8
3790,6.5
3791,6.5
3792,6.9
3793,7.4
3794,6.6
3795,6.8
3797,4.7
3798,6.6
3799,6.1
3801,8.0
3802,5.3
3806,6.8
3807,6.4
3808,7.9
3809,7.0
3810,6.0
3811,7.9
3812,6.8
3813,7.5
3814,7.8
3816,7.8
3819,7.9
3821,4.4
3822,7.6
3823,7.2
3824,5.6
3825,5.7
3826,5.7
3827,6.4
3830,6.3
3831,6.9
3832,7.2
3833,4.2
3834,6.1
3835,5.8
3836,7.7
3837,6.5
3838,6.1
3839,5.7
3840,6.2
3841,5.8
3843,6.3
3844,7.3
3845,6.3
3846,6.3
3847,5.2
3849,7.5
3851,7.5
3852,6.7
3855,7.2
3857,5.1
3858,6.2
3859,7.2
3861,6.6
3862,5.9
3863,6.3
3864,6.1
3865,6.7
3868,7.6
3869,6.9
3870,6.7
3871,7.7
3872,7.6
3873,6.9
3877,4.4
3879,5.7
3882,6.0
3884,5.6
3888,6.4
3889,4.6
3893,6.2
3894,7.7
3895,5.3
3896,6.7
3897,7.9
3898,5.8
3899,5.7
3900,5.9
3901,6.0
3906,6.5
3908,4.2
3909,5.3
3910,8.0
3911,7.5
3912,5.5
3914,7.0
3915,6.8
3916,7.8
3917,7.0
3918,6.5
3919,5.5
3920,7.3
3922,5.5
3925,7.6
3926,6.1
3927,6.8
3928,7.6
3929,7.3
3930,7.0
3932,7.7
3933,3.9
3937,5.9
3938,5.7
3939,4.5
3940,4.6
3941,4.4
3942,4.6
3943,6.5
3945,6.0
3946,5.1
3947,7.5
3948,7.0
3949,8.3
3950,7.0
3951,7.2
3952,7.0
3953,4.6
3955,5.2
3957,6.2
3958,4.6
3959,7.6
3962,4.4
3963,6.8
3964,7.1
3965,7.5
3966,7.4
3967,7.7
3968,6.0
3969,7.2
3971,6.8
3972,7.6
3973,4.0
3974,5.8
3977,5.5
3978,6.7
3979,5.3
3980,7.2
3981,5.7
3983,7.6
3984,6.7
3985,6.9
3986,5.9
3987,5.7
3988,6.1
3989,7.9
3990,6.2
3991,4.9
3992,7.5
3993,7.3
3994,7.3
3996,7.9
3997,3.7
3998,6.2
3999,5.9
4000,7.1
4002,7.6
4003,5.9
4005,6.7
4006,7.3
4007,7.4
4008,7.2
4009,7.3
4010,6.5
4011,8.3
4012,5.8
4014,7.3
4015,5.5
4016,7.4
4017,7.0
4018,6.4
4019,7.3
4020,6.7
4021,7.2
4022,7.8
4023,6.8
4024,7.1
4025,6.2
4027,7.8
4029,6.8
4030,4.9
4031,5.8
4032,6.3
4033,7.3
4034,7.6
4035,6.5
4036,6.9
4037,7.3
4039,6.6
4040,6.2
4041,7.0
4042,6.9
4043,7.0
4046,7.4
4047,7.7
4051,2.4
4052,6.1
4053,5.4
4054,6.2
4055,6.7
4056,6.8
4061,7.4
4062,6.3
4063,5.6
4064,6.9
4065,6.5
4066,6.6
4067,6.8
4068,5.7
4069,5.3
4074,7.0
4077,7.2
4078,6.0
4079,6.2
4080,6.2
4081,5.8
4082,7.3
4083,6.5
4084,6.5
4085,7.3
4086,6.6
4089,5.9
4090,7.3
4091,6.8
4092,5.5
4093,6.4
4102,7.6
4103,7.8
4104,5.5
4105,7.5
4109,5.7
4110,6.5
4111,6.4
4113,7.2
4115,6.5
4116,7.0
4117,7.4
4121,6.8
4123,4.3
4124,2.9
4125,2.2
4126,6.4
4127,5.1
4128,7.3
4129,6.5
4130,5.5
4131,5.4
4132,5.8
4133,5.4
4135,7.1
4138,4.6
4139,6.1
4141,5.4
4142,4.6
4143,4.8
4144,8.1
4146,5.9
4147,6.8
4148,6.8
4149,5.9
4152,6.6
4153,5.4
4154,6.6
4155,6.7
4156,5.4
4157,6.8
4158,4.7
4159,6.0
4160,7.3
4161,6.1
4164,5.9
4166,6.6
4167,6.1
4168,5.8
4171,7.7
4174,7.3
4175,6.9
4178,7.8
4180,5.2
4181,5.7
4184,7.6
4187,7.6
4189,6.6
4190,7.8
4191,7.1
4193,5.7
4194,7.6
4195,7.2
4197,7.1
4198,5.5
4200,5.6
4202,5.5
4203,6.1
4204,4.8
4205,6.6
4207,5.5
4210,7.2
4211,7.3
4212,7.3
4214,6.6
4215,5.0
4217,7.8
4218,7.1
4219,6.0
4220,7.1
4221,6.1
4223,7.6
4224,5.6
4225,7.2
4226,8.5
4228,6.2
4229,5.0
4231,6.1
4232,5.5
4233,5.3
4234,6.2
4235,8.1
4236,6.8
4237,7.7
4238,6.3
4239,7.6
4240,5.8
4241,5.8
4242,5.9
4243,7.1
4246,6.7
4247,5.9
4248,5.4
4251,7.2
4252,7.5
4254,4.8
4255,4.5
4256,5.9
4259,6.9
4260,6.6
4262,8.3
4263,7.9
4265,4.6
4267,6.1
4268,4.4
4270,6.4
4273,7.2
4275,6.1
4276,7.1
4278,7.4
4280,7.2
4282,7.0
4284,5.7
4285,6.7
4289,7.0
4290,6.3
4291,6.8
4292,7.4
4293,6.3
4294,6.9
4296,6.9
4297,7.8
4298,8.2
4299,6.9
4300,7.1
4304,7.1
4305,5.6
4306,7.9
4307,6.5
4308,7.6
4310,6.1
4312,7.5
4313,6.2
4316,6.5
4317,5.7
4321,6.7
4322,7.3
4323,7.2
4325,8.0
4326,7.8
4327,7.8
4329,8.0
4333,6.2
4334,8.1
4337,7.6
4338,7.8
4339,7.1
4340,4.8
4342,7.4
4343,6.1
4344,6.5
4345,6.3
4347,7.7
4349,7.2
4350,7.5
4351,7.2
4353,6.4
4354,6.3
4355,6.1
4356,7.2
4357,7.0
4359,7.2
4361,7.4
4366,6.9
4367,5.8
4368,4.7
4369,6.8
4370,7.1
4371,6.4
4372,6.5
4373,5.2
4374,6.0
4378,7.3
4380,7.5
4381,7.0
4383,6.9
4384,7.2
4386,5.2
4387,6.6
4388,5.3
4389,7.0
4390,4.5
4392,6.6
4393,7.4
4394,5.7
4395,8.0
4396,6.2
4397,4.9
4399,7.5
4402,5.1
4403,7.0
4404,8.1
4406,8.1
4407,7.5
4408,6.6
4409,6.7
4410,6.9
4412,4.2
4419,7.7
4420,7.1
4422,8.1
4424,7.5
4426,7.6
4427,8.1
4428,7.4
4429,7.4
4432,8.1
4433,7.5
4434,6.7
4436,6.8
4437,7.5
4438,7.4
4439,7.6
4440,7.1
4441,6.1
4442,6.9
4443,6.6
4444,7.3
4445,4.7
4446,6.4
4447,6.3
4448,6.8
4449,6.9
4450,7.0
4451,7.2
4452,6.4
4453,7.5
4454,8.2
4458,7.4
4459,7.2
4462,5.7
4463,5.8
4464,6.8
4465,7.2
4466,6.0
4467,7.2
4470,7.6
4471,4.4
4473,6.4
4474,6.9
4475,7.4
4476,6.4
4477,5.0
4478,6.6
4480,6.5
4482,5.7
4483,3.7
4484,7.3
4487,5.9
4488,6.7
4489,7.0
4490,5.7
4492,6.1
4495,6.9
4496,6.1
4497,6.0
4498,6.3
4499,7.3
4500,7.3
4502,5.6
4504,5.4
4505,5.9
4506,6.9
4508,7.0
4509,6.6
4511,5.7
4516,4.5
4517,6.7
4518,5.9
4519,7.4
4520,6.3
4521,6.0
4522,6.0
4523,6.9
4524,5.9
4526,5.3
4527,5.5
4529,7.5
4531,6.1
4533,7.4
4534,6.6
4535,7.3
4537,7.7
4541,6.5
4544,5.7
4545,6.6
4546,7.8
4552,7.0
4553,7.3
4557,6.9
4558,6.0
4562,7.0
4563,5.1
4564,6.4
4565,5.4
4568,6.4
4571,6.9
4572,6.6
4573,5.9
4574,6.3
4577,7.1
4578,6.5
4580,5.1
4581,6.2
4583,6.3
4584,5.9
4585,6.5
4587,5.3
4589,6.9
4591,6.2
4593,5.7
4594,6.3
4595,6.5
4597,6.2
4599,6.2
4600,6.1
4602,6.0
4603,5.7
4605,7.0
4608,6.4
4610,5.6
4611,6.1
4612,7.5
4613,6.0
4614,6.4
4615,6.8
4616,7.4
4617,6.8
4619,6.1
4621,5.8
4622,6.0
4623,7.2
4624,6.7
4625,5.7
4626,7.0
4628,6.4
4629,5.8
4630,4.3
4632,6.4
4634,5.9
4635,5.3
4636,5.7
4638,5.9
4639,5.7
4640,7.2
4641,7.4
4642,7.8
4643,5.7
4644,7.4
4645,7.4
4646,6.9
4649,6.7
4653,6.1
4654,6.6
4658,7.7
4660,6.1
4661,6.8
4662,6.8
4663,5.3
4666,6.1
4670,6.8
4671,6.9
4672,6.2
4673,6.4
4675,6.1
4676,5.7
4677,6.1
4678,7.0
4679,7.0
4681,6.8
4683,6.1
4686,4.7
4687,7.4
4688,7.1
4689,6.7
4690,6.5
4695,6.8
4697,6.2
4699,6.0
4700,6.3
4701,6.6
4703,7.4
4704,7.2
4705,7.3
4708,7.6
4709,6.7
4710,7.7
4711,7.4
4713,6.9
4714,6.1
4715,4.8
4717,5.8
4718,6.4
4719,6.3
4720,7.6
4721,6.0
4722,6.5
4723,6.6
4725,6.5
4727,5.9
4728,6.4
4732,5.6
4733,6.8
4734,6.9
4735,4.9
4736,5.0
4738,7.3
4740,5.7
4741,7.5
4743,6.6
4744,6.2
4745,6.1
4748,5.3
4749,4.5
4750,4.2
4754,7.6
4756,4.8
4757,6.3
4759,6.1
4765,7.2
4766,6.9
4769,7.8
4770,5.8
4771,6.4
4772,7.3
4773,6.1
4774,6.5
4775,2.2
4776,7.7
4777,7.1
4780,7.0
4782,6.5
4783,7.9
4784,7.0
4785,7.8
4786,6.8
4787,6.7
4788,8.1
4789,7.4
4792,6.1
4794,7.1
4795,7.4
4796,6.6
4798,6.8
4799,7.6
4800,6.4
4801,8.2
4802,7.3
4803,7.0
4804,7.3
4808,6.3
4809,7.2
4810,6.6
4811,7.3
4812,5.6
4813,6.7
4814,6.3
4815,6.9
4816,6.6
4818,5.9
4821,6.6
4822,5.4
4823,6.9
4825,7.0
4826,7.2
4827,4.5
4828,6.7
4830,7.1
4831,4.5
4833,7.3
4835,7.5
4836,6.7
4840,7.4
4844,6.5
4845,4.7
4846,7.6
4847,6.5
4848,8.0
4849,7.2
4850,6.5
4852,4.2
4855,7.8
4857,8.0
4860,5.7
4862,6.3
4863,7.3
4864,6.5
4865,6.8
4866,6.9
4867,6.5
4871,6.8
4873,7.8
4874,7.4
4876,5.6
4877,6.4
4878,8.1
4879,6.2
4880,7.5
4881,7.6
4883,7.4
4885,5.6
4886,8.1
4887,5.9
4888,7.3
4889,6.5
4890,5.9
4893,6.5
4896,7.6
4898,5.8
4899,4.8
4900,6.3
4901,7.1
4902,7.4
4903,7.4
4909,5.5
4911,6.2
4912,7.6
4914,7.9
4915,6.2
4916,6.8
4917,6.6
4919,6.6
4920,8.0
4921,7.3
4925,6.5
4926,7.0
4927,7.1
4928,8.0
4929,5.8
4932,7.1
4936,6.6
4939,6.7
4941,6.5
4942,5.2
4945,6.8
4946,5.5
4947,6.4
4951,6.4
4952,4.5
4953,5.4
4954,6.6
4956,7.2
4957,6.7
4958,6.4
4959,6.1
4961,6.4
4962,5.2
4963,7.8
4964,7.8
4965,6.4
4966,7.7
4967,8.0
4969,7.6
4970,7.8
4971,6.5
4973,8.3
4974,5.7
4975,6.9
4976,7.1
4977,6.8
4978,7.3
4979,7.6
4980,6.3
4981,6.6
4985,4.9
4987,5.4
4988,6.2
4989,6.3
4990,6.0
4991,5.5
4992,6.4
4993,8.8
4994,6.9
4995,8.2
4998,7.7
5004,7.6
5007,7.1
5008,8.4
5009,6.8
5010,7.7
5011,6.4
5012,6.7
5013,7.3
5014,7.6
5015,7.1
5016,6.8
5021,7.4
5023,6.9
5025,6.2
5026,7.1
5027,5.8
5028,7.4
5033,6.1
5034,7.3
5039,6.7
5040,5.9
5041,6.6
5046,6.2
5047,6.2
5048,5.1
5049,6.9
5051,7.1
5053,5.0
5054,6.5
5055,7.0
5059,8.1
5060,7.6
5062,7.7
5063,7.2
5064,7.8
5065,6.5
5066,7.4
5068,7.3
5069,6.8
5071,7.1
5072,7.3
5073,7.4
5074,6.8
5075,6.9
5076,6.2
5077,6.2
5080,5.3
5081,6.1
5083,6.5
5088,7.3
5092,5.4
5093,5.5
5094,3.0
5095,6.8
5096,6.1
5099,7.3
5102,6.0
5103,7.8
5105,7.3
5106,3.4
5107,6.3
5108,7.1
5109,5.8
5110,7.1
5111,6.4
5112,7.0
5113,6.5
5114,7.9
5116,6.8
5120,8.0
5121,8.0
5127,6.1
5128,5.3
5131,7.0
5134,6.5
5135,7.4
5136,5.0
5137,7.9
5139,7.3
5146,7.7
5147,8.2
5151,5.6
5152,7.2
5155,6.0
5156,6.0
5159,6.5
5165,6.9
5168,6.7
5170,5.8
5171,5.9
5177,7.9
5178,7.1
5181,5.3
5187,7.2
5189,5.7
5197,6.5
5198,7.7
5202,7.9
5205,6.0
5209,6.3
5212,5.1
5213,5.2
5214,6.6
5218,7.5
5219,6.7
5220,5.5
5221,7.1
5222,6.6
5224,8.4
5225,7.7
5226,5.9
5231,7.3
5237,6.8
5238,7.1
5239,6.6
5240,5.3
5241,6.7
5244,7.4
5246,5.2
5247,6.9
5248,3.4
5250,6.8
5254,6.7
5255,5.5
5256,6.5
5258,7.4
5264,5.2
5265,6.4
5266,6.8
5267,7.0
5268,6.2
5269,7.5
5272,7.4
5275,6.1
5278,5.0
5279,7.0
5282,6.4
5283,6.4
5284,5.9
5285,6.2
5288,7.7
5291,8.3
5292,7.4
5293,6.5
5294,7.3
5296,5.1
5297,6.4
5298,6.4
5299,6.6
5300,7.6
5303,5.8
5304,8.1
5307,6.4
5308,6.0
5309,5.3
5311,6.4
5312,6.2
5313,5.5
5316,6.4
5319,7.9
5321,5.9
5322,5.5
5323,4.4
5324,5.8
5325,7.7
5328,7.0
5329,7.1
5333,7.8
5334,5.6
5337,5.8
5338,5.6
5339,7.6
5341,7.6
5345,6.9
5346,4.6
5347,5.6
5348,6.6
5349,7.3
5353,7.2
5356,2.9
5357,6.6
5358,7.2
5361,6.7
5363,5.9
5364,6.7
5365,7.0
5372,7.3
5373,8.3
5375,7.1
5377,7.1
5378,6.6
5379,7.2
5380,6.8
5382,6.3
5384,7.5
5385,8.2
5387,5.7
5388,7.2
5389,7.1
5390,6.3
5391,7.1
5397,7.0
5398,7.9
5400,6.4
5401,5.9
5404,7.5
5409,6.3
5410,6.7
5414,5.6
5415,6.0
5416,6.7
5417,7.5
5418,7.9
5419,5.0
5420,6.0
5421,7.0
5422,7.0
5423,6.8
5424,4.9
5425,7.3
5427,5.8
5428,4.7
5433,6.4
5434,7.5
5435,7.4
5437,6.1
5438,5.9
5440,7.4
5442,4.9
5443,4.6
5444,7.2
5445,7.6
5446,7.5
5447,6.9
5448,6.0
5449,5.8
5450,6.8
5451,6.2
5452,4.3
5454,5.5
5455,5.7
5456,4.8
5458,5.2
5459,6.1
5460,6.5
5461,7.0
5462,5.4
5463,6.2
5464,7.7
5465,7.7
5466,6.5
5468,6.4
5470,7.6
5471,4.3
5472,7.6
5475,8.2
5476,4.1
5477,7.2
5478,5.4
5479,6.7
5480,5.5
5481,6.2
5483,7.4
5485,6.2
5486,6.4
5489,7.6
5490,5.6
5493,6.2
5497,6.5
5498,8.3
5499,6.6
5500,7.2
5501,3.3
5502,6.7
5503,7.0
5504,5.2
5505,6.4
5506,6.4
5507,5.9
5508,7.4
5512,6.7
5513,5.4
5515,7.7
5521,6.3
5522,6.6
5523,3.8
5524,5.7
5525,7.3
5527,6.4
5528,6.8
5529,5.3
5530,6.1
5531,6.2
5532,5.2
5537,6.7
5538,5.6
5539,5.4
5540,6.9
5541,6.7
5543,4.4
5544,7.1
5548,6.2
5550,6.2
5553,6.6
5556,3.3
5560,7.6
5562,6.0
5563,6.1
5564,5.0
5568,6.5
5569,6.0
5570,7.4
5572,6.3
5573,5.1
5574,6.8
5575,6.9
5577,7.0
5580,5.9
5581,5.6
5582,5.7
5584,5.4
5585,5.8
5588,6.4
5589,6.5
5590,6.8
5591,5.3
5596,5.3
5597,4.4
5601,7.3
5602,7.8
5603,7.7
5604,7.4
5607,7.8
5608,7.7
5609,3.6
5610,5.6
5611,6.5
5612,6.2
5613,7.1
5614,7.4
5615,6.5
5617,7.0
5618,8.6
5619,7.7
5620,6.2
5621,5.4
5625,6.7
5628,6.7
5629,6.6
5630,7.2
5632,7.7
5633,7.1
5635,6.7
5636,6.4
5637,7.3
5638,6.5
5640,6.6
5643,7.3
5644,7.7
5646,7.0
5649,7.4
5650,6.8
5651,6.5
5657,6.2
5663,6.2
5664,6.5
5665,6.1
5666,6.7
5667,6.7
5668,7.2
5669,8.0
5670,7.0
5672,5.7
5673,7.3
5675,3.6
5678,6.3
5679,7.1
5680,6.6
5682,7.1
5684,6.6
5685,6.9
5688,7.4
5689,5.9
5690,8.5
5693,6.8
5694,4.6
5696,6.3
5699,6.9
5700,2.2
5704,5.1
5706,6.4
5707,6.9
5710,6.4
5712,7.4
5720,7.2
5721,7.1
5723,6.2
5733,6.0
5735,4.1
5736,2.8
5741,7.4
5742,6.4
5745,7.2
5746,5.1
5747,7.5
5749,6.3
5752,7.1
5755,6.1
5764,6.1
5767,8.3
5768,5.0
5771,6.3
5772,7.8
5773,5.6
5779,3.6
5780,7.0
5782,7.6
5784,5.5
5785,6.6
5786,7.1
5787,4.8
5788,7.6
5791,7.4
5792,7.0
5796,5.2
5797,6.7
5799,6.8
5801,7.1
5802,6.8
5803,5.4
5804,5.6
5809,6.3
5810,7.1
5812,7.4
5816,7.4
5817,6.6
5818,6.8
5820,7.8
5826,7.2
5828,6.2
5829,5.8
5833,6.8
5836,6.7
5838,6.7
5839,7.6
5840,7.6
5841,5.2
5843,6.5
5847,7.3
5849,7.6
5853,6.8
5856,7.7
5863,4.9
5867,7.4
5872,6.1
5873,6.9
5874,5.8
5875,6.6
5876,7.1
5878,8.0
5879,5.4
5880,4.5
5881,6.2
5882,7.2
5883,4.8
5884,3.7
5888,8.0
5889,8.1
5890,7.6
5891,5.7
5893,7.1
5896,7.0
5899,7.8
5900,5.9
5901,6.0
5902,7.7
5903,7.5
5909,6.7
5912,8.0
5915,6.6
5919,5.9
5922,6.5
5925,5.5
5927,5.9
5929,6.2
5932,8.0
5938,7.0
5941,5.7
5942,5.5
5943,5.2
5944,6.4
5945,7.2
5947,7.0
5949,6.9
5951,6.8
5952,8.7
5953,8.3
5954,7.7
5955,7.3
5956,7.5
5957,6.1
5959,7.2
5961,5.7
5962,4.4
5963,7.8
5965,7.5
5968,6.4
5969,5.2
5970,6.9
5971,8.2
5974,7.5
5975,6.8
5979,4.8
5980,7.2
5984,5.4
5986,7.4
5988,5.6
5989,8.1
5990,4.3
5991,7.2
5992,7.6
5993,6.6
5994,7.2
5995,8.5
5999,5.4
6001,7.8
6002,7.0
6003,7.1
6005,7.2
6006,5.5
6009,6.3
6012,5.6
6013,4.4
6014,5.6
6016,8.6
6020,7.0
6021,7.4
6022,7.2
6023,7.8
6025,6.2
6027,7.5
6030,5.6
6031,7.9
6033,6.0
6035,7.7
6036,6.6
6039,5.9
6040,5.0
6041,7.3
6042,7.3
6044,4.9
6049,6.3
6051,7.0
6055,5.9
6057,4.6
6058,6.2
6059,6.6
6060,5.4
6062,7.4
6063,6.7
6064,7.6
6067,6.4
6070,6.1
6078,5.9
6086,5.9
6090,6.1
6093,7.5
6095,6.5
6100,6.7
6101,7.8
6104,7.9
6107,7.5
6111,4.9
6116,5.1
6119,7.6
6122,7.7
6123,8.1
6124,7.2
6125,6.7
6140,7.2
6141,5.6
6143,4.9
6145,6.0
6148,7.1
6153,4.9
6155,6.4
6156,6.2
6157,5.3
6158,5.4
6159,6.9
6162,6.2
6163,7.2
6166,5.6
6169,5.9
6170,7.4
6178,8.0
6181,7.3
6182,7.0
6183,7.5
6184,6.7
6185,6.6
6186,6.4
6187,7.6
6188,7.1
6192,7.6
6193,7.0
6196,5.8
6197,6.8
6201,7.2
6202,7.2
6203,5.9
6204,5.1
6210,6.0
6212,5.6
6213,6.6
6214,7.4
6215,6.4
6216,7.6
6217,6.6
6218,6.7
6219,6.1
6220,6.2
6222,6.3
6223,6.8
6225,7.1
6228,7.5
6232,7.3
6234,7.2
6235,7.6
6237,7.3
6238,6.2
6239,7.1
6241,7.4
6242,7.3
6244,8.0
6245,7.0
6246,6.0
6249,4.9
6250,5.5
6251,6.1
6252,5.2
6254,7.9
6263,6.5
6264,5.5
6265,5.4
6266,5.9
6267,5.9
6268,7.1
6269,8.0
6270,7.8
6271,8.0
6273,8.0
6279,6.6
6280,6.1
6281,7.1
6283,7.9
6285,6.4
6286,7.7
6287,6.2
6288,7.1
6289,6.9
6290,6.1
6291,7.9
6294,5.5
6295,4.8
6296,7.3
6297,7.0
6298,5.2
6299,8.0
6300,7.7
6301,7.5
6302,3.5
6303,7.2
6305,7.3
6306,7.5
6308,5.9
6310,5.7
6313,5.4
6314,6.0
6315,6.0
6316,5.4
6319,6.1
6320,5.3
6322,6.7
6323,7.3
6324,5.6
6327,7.6
6329,7.3
6330,5.5
6331,7.6
6332,5.5
6333,7.4
6334,6.7
6335,7.0
6336,7.4
6337,7.1
6338,5.6
6339,7.2
6341,6.7
6342,7.0
6344,6.9
6345,6.1
6347,6.5
6348,5.0
6349,5.8
6350,8.1
6357,7.0
6358,7.2
6365,7.2
6367,6.3
6368,7.1
6370,7.3
6371,6.2
6373,6.7
6374,5.7
6375,7.8
6376,7.0
6377,8.1
6378,7.0
6379,6.1
6380,7.8
6382,7.4
6383,5.9
6385,7.6
6386,7.0
6387,6.8
6390,6.9
6395,6.1
6400,8.0
6402,6.5
6405,7.0
6407,6.7
6408,8.3
6410,6.1
6412,7.7
6415,7.0
6417,5.6
6422,7.4
6424,6.5
6425,5.7
6427,7.4
6428,7.0
6429,7.7
6433,8.4
6434,7.4
6436,7.3
6440,7.7
6442,7.2
6448,7.6
6449,6.7
6452,7.5
6453,7.4
6454,7.3
6460,7.8
6461,6.7
6464,5.7
6465,6.1
6466,6.6
6476,6.5
6477,7.7
6480,7.0
6482,3.4
6483,2.1
6484,5.3
6493,5.6
6502,7.6
6503,4.9
6506,6.9
6509,8.1
6510,5.6
6514,1.7
6515,7.4
6516,7.1
6517,5.9
6523,5.9
6527,7.5
6528,6.5
6530,7.7
6533,7.8
6534,5.6
6535,4.7
6536,6.7
6537,6.3
6538,6.8
6539,8.0
6541,5.8
6542,7.8
6545,7.0
6547,6.4
6548,6.6
6549,5.7
6550,6.2
6551,5.1
6552,7.4
6553,7.0
6554,5.9
6557,5.1
6558,5.8
6559,6.4
6560,4.8
6561,7.0
6563,5.4
6564,5.5
6565,7.3
6566,4.2
6567,6.8
6568,6.3
6571,7.6
6572,6.0
6573,7.2
6574,4.8
6577,4.6
6578,7.0
6579,7.9
6581,7.1
6582,6.4
6583,6.5
6584,6.0
6586,6.3
6587,2.4
6588,6.2
6591,7.8
6592,6.5
6593,6.2
6595,6.0
6596,4.9
6597,5.8
6598,7.5
6603,7.0
6604,7.4
6609,7.8
6611,8.2
6612,7.6
6614,6.4
6615,5.8
6616,6.0
6617,7.5
6618,7.3
6619,6.1
6620,7.5
6624,5.1
6625,6.0
6628,4.9
6629,7.1
6631,5.1
6636,7.0
6638,6.4
6639,7.8
6643,8.2
6644,7.8
6645,6.8
6650,8.1
6654,6.1
6656,4.7
6658,6.1
6659,7.2
6660,8.3
6662,7.2
6663,7.3
6664,6.7
6665,6.5
6666,7.9
6667,8.0
6668,7.8
6669,8.3
6670,5.6
6671,7.6
6678,6.0
6679,7.3
6684,7.5
6686,5.2
6687,4.7
6688,7.6
6689,6.1
6691,6.6
6692,7.2
6695,5.6
6696,6.0
6699,6.2
6702,5.6
6705,6.3
6706,7.2
6707,5.6
6708,7.3
6709,6.4
6710,6.8
6711,7.8
6713,7.9
6715,4.6
6718,6.2
6720,5.9
6721,7.4
6722,7.5
6723,6.8
6724,8.1
6731,7.2
6732,7.2
6734,6.0
6744,5.5
6746,4.7
6748,6.9
6750,6.4
6751,4.9
6752,5.5
6753,7.6
6754,7.0
6755,7.1
6760,7.4
6763,5.9
6764,6.7
6765,6.8
6768,6.6
6769,6.7
6770,7.6
6772,7.9
6773,7.8
6774,7.3
6775,7.6
6776,8.1
6777,8.2
6780,7.4
6782,7.0
6783,8.1
6785,7.4
6786,7.4
6787,8.0
6788,5.4
6789,7.5
6790,6.5
6791,7.8
6793,5.6
6794,4.9
6796,7.8
6797,6.8
6798,6.9
6800,5.7
6803,6.8
6804,5.8
6807,7.6
6808,7.7
6809,6.3
6810,6.2
6811,6.6
6812,5.9
6814,5.5
6816,7.2
6817,6.7
6818,8.2
6820,6.8
6821,5.3
6827,2.7
6832,6.7
6835,5.3
6836,3.8
6837,7.3
6849,7.5
6850,6.1
6851,6.7
6852,8.0
6853,4.7
6856,7.7
6857,7.9
6858,7.6
6860,5.9
6862,6.5
6863,7.1
6867,7.7
6868,6.6
6869,7.9
6870,8.0
6872,2.0
6873,6.3
6874,8.1
6879,7.1
6880,6.2
6881,7.1
6882,6.5
6883,6.3
6884,6.9
6885,5.3
6886,6.5
6887,6.9
6888,5.5
6889,6.8
6890,7.2
6893,7.3
6898,7.5
6899,3.1
6902,7.7
6909,6.7
6911,7.4
6912,6.8
6918,8.2
6920,8.1
6927,6.3
6932,7.2
6934,6.7
6935,8.4
6936,7.0
6938,6.9
6939,7.9
6942,7.6
6944,6.5
6945,7.4
6946,5.7
6947,7.4
6948,8.0
6949,6.1
6950,6.5
6951,3.9
6952,5.8
6953,7.7
6954,7.6
6957,7.1
6958,5.0
6959,5.6
6961,6.9
6962,7.3
6963,7.0
6965,6.9
6966,6.4
6967,7.7
6969,6.9
6970,7.3
6971,7.7
6973,5.9
6974,6.5
6975,7.6
6978,7.1
6979,7.1
6981,8.2
6982,8.0
6983,7.6
6984,7.8
6985,8.1
6986,8.0
6987,8.1
6989,6.8
6990,7.0
6992,6.2
6993,7.9
6994,6.4
6996,4.1
6997,6.6
6998,6.3
6999,6.1
7000,5.8
7001,7.4
7004,6.1
7005,5.2
7007,7.0
7008,7.1
7009,7.3
7010,6.9
7012,6.4
7013,8.0
7015,6.4
7016,5.7
7017,5.9
7018,6.9
7019,6.1
7020,7.3
7022,7.7
7023,7.7
7024,6.0
7025,7.2
7026,6.6
7027,7.2
7028,6.8
7030,6.9
7031,5.5
7032,6.2
7033,6.5
7034,7.6
7036,6.1
7037,7.1
7038,6.5
7040,7.3
7041,5.9
7044,7.2
7045,6.8
7046,6.5
7047,6.9
7048,6.7
7049,6.7
7050,7.2
7051,6.2
7052,6.4
7053,7.1
7054,7.3
7055,7.6
7056,7.7
7057,7.0
7058,7.3
7059,7.4
7060,7.3
7061,7.6
7062,7.8
7063,8.0
7064,8.0
7065,6.6
7067,7.6
7069,7.5
7070,7.8
7071,8.2
7072,7.9
7073,7.5
7074,7.9
7075,7.9
7076,7.5
7078,7.6
7079,7.8
7080,7.6
7082,6.7
7083,7.1
7084,7.7
7085,7.0
7086,7.8
7087,7.4
7088,7.5
7089,7.9
7090,7.9
7091,7.7
7092,7.1
7093,7.3
7096,8.0
7099,8.1
7101,6.2
7102,5.9
7103,5.4
7104,5.8
7107,6.8
7108,6.8
7109,6.5
7114,7.6
7115,7.7
7116,8.1
7117,4.7
7118,7.4
7121,7.6
7122,7.5
7123,7.1
7124,7.3
7125,7.5
7127,6.2
7131,7.0
7132,8.0
7134,6.9
7137,7.0
7139,7.8
7141,8.4
7142,5.3
7143,7.7
7147,8.0
7149,6.7
7150,5.8
7151,6.9
7153,8.9
7154,6.5
7155,6.9
7156,8.2
7158,7.6
7160,7.3
7161,5.9
7162,7.2
7163,6.3
7164,6.9
7165,6.4
7167,6.7
7169,6.1
7171,7.1
7173,5.9
7175,4.1
7176,7.5
7177,7.4
7178,6.4
7179,6.8
7181,7.2
7184,7.1
7190,6.5
7191,5.4
7192,6.7
7193,6.3
7202,5.9
7205,6.9
7206,7.8
7208,6.9
7209,7.5
7211,7.5
7212,7.0
7215,7.9
7216,7.6
7217,7.6
7218,8.0
7219,7.3
7222,3.8
7223,7.3
7225,7.4
7228,4.8
7234,8.1
7235,7.1
7236,6.6
7238,7.9
7243,7.9
7245,4.2
7247,6.9
7248,6.6
7251,6.7
7254,7.7
7255,5.6
7256,8.0
7257,4.9
7258,5.7
7259,3.6
7260,7.1
7261,5.8
7262,5.3
7263,7.5
7264,6.5
7265,7.2
7266,7.0
7282,1.7
7285,6.8
7292,3.6
7293,6.8
7294,5.2
7297,7.3
7299,7.4
7301,8.0
7302,7.8
7303,7.4
7304,7.5
7305,6.3
7306,8.0
7307,6.7
7308,5.2
7310,5.5
7311,7.8
7312,7.2
7315,5.3
7316,4.6
7317,6.6
7318,7.2
7319,5.7
7320,6.0
7321,5.3
7323,7.7
7324,6.7
7325,6.1
7326,6.5
7327,8.1
7328,7.8
7333,7.8
7335,7.8
7336,7.6
7340,6.5
7344,6.8
7345,4.5
7346,6.7
7347,6.6
7348,6.6
7349,7.5
7352,6.9
7354,6.2
7357,7.2
7360,7.3
7361,8.3
7362,6.2
7364,6.9
7366,6.2
7367,6.2
7368,5.7
7369,5.0
7371,8.0
7372,6.5
7373,6.9
7375,5.9
7376,6.3
7377,7.1
7379,6.0
7380,6.3
7381,5.5
7382,7.5
7386,7.9
7387,7.9
7390,6.2
7394,7.0
7395,7.1
7396,8.5
7411,3.9
7414,7.2
7419,7.7
7438,8.0
7439,6.5
7440,7.4
7443,6.3
7444,6.2
7445,7.7
7448,4.8
7449,4.8
7450,5.9
7451,7.0
7454,6.1
7455,7.2
7457,5.6
7458,7.2
7459,7.6
7460,7.1
7477,5.3
7479,7.4
7481,6.9
7482,7.7
7486,7.8
7487,6.3
7492,7.2
7493,7.2
7541,5.9
7560,8.0
7561,6.8
7562,6.6
7564,8.0
7566,8.3
7569,6.9
7570,6.6
7572,8.1
7573,6.2
7579,7.4
7581,7.1
7584,7.3
7587,8.1
7614,7.2
7615,7.0
7616,6.8
7618,7.6
7619,8.1
7620,7.5
7624,6.9
7636,6.0
7646,6.8
7647,7.5
7649,7.7
7650,6.9
7657,6.5
7669,8.9
7698,7.4
7700,8.1
7701,4.6
7702,7.4
7704,5.6
7705,7.0
7706,7.6
7707,5.6
7708,7.0
7713,7.4
7714,6.7
7716,6.2
7720,7.1
7727,5.5
7728,7.5
7730,6.8
7742,6.9
7743,6.6
7745,7.4
7748,7.7
7749,7.3
7753,7.5
7756,7.7
7757,7.4
7762,8.5
7766,8.1
7767,8.5
7772,6.6
7773,7.9
7781,5.2
7782,6.1
7786,8.0
7789,7.0
7792,7.2
7802,7.7
7810,7.2
7811,6.7
7812,6.9
7815,7.1
7820,8.1
7822,6.7
7826,7.0
7831,7.5
7832,7.4
7833,7.3
7834,7.7
7835,7.0
7839,7.5
7840,7.4
7841,7.6
7842,7.1
7843,7.3
7844,7.2
7845,6.0
7846,5.4
7879,7.0
7882,6.7
7883,7.2
7884,7.2
7888,7.2
7889,7.4
7891,6.9
7894,7.7
7895,7.5
7896,7.5
7899,7.5
7900,6.8
7916,6.7
7920,7.2
7924,7.9
7925,8.1
7926,8.4
7930,6.4
7932,7.8
7934,7.8
7936,8.0
7937,8.0
7938,8.1
7939,8.1
7940,7.7
7943,7.8
7944,7.8
7951,6.6
7976,5.9
7979,8.1
7980,7.4
7981,8.1
7982,7.2
7983,7.5
7984,6.7
7986,5.4
7987,6.4
7988,5.2
7991,6.2
7993,6.8
8008,6.9
8010,7.2
8011,7.5
8012,7.8
8014,8.1
8015,7.0
8016,7.5
8019,6.7
8024,6.3
8025,7.7
8033,7.6
8035,6.1
8042,7.3
8043,6.5
8044,8.1
8045,6.7
8057,7.4
8092,5.5
8093,6.7
8094,7.8
8117,7.5
8118,4.8
8119,7.1
8121,7.4
8125,8.2
8126,7.5
8128,8.0
8131,5.9
8132,6.5
8136,3.9
8137,4.6
8138,3.6
8142,6.8
8143,7.4
8147,7.1
8153,7.4
8154,8.1
8157,7.5
8158,6.7
8167,7.8
8169,6.6
8183,7.2
8188,8.4
8189,7.0
8190,7.4
8191,7.5
8195,7.9
8196,6.2
8197,8.0
8199,8.2
8207,7.8
8225,6.9
8228,7.3
8232,7.5
8235,8.2
8236,7.0
8238,7.1
8239,8.2
8241,5.2
8253,7.7
8254,7.4
8261,7.9
8264,7.7
8266,6.5
8268,6.0
8270,7.4
8275,7.1
8290,2.5
8293,6.0
8302,6.8
8327,7.7
8331,7.6
8335,8.2
8336,7.5
8337,7.8
8338,8.0
8340,7.6
8341,7.8
8360,7.2
8361,6.4
8362,6.0
8363,4.5
8364,7.4
8366,6.8
8368,7.9
8369,6.4
8370,7.6
8371,6.7
8372,5.0
8373,5.3
8375,7.0
8376,6.9
8378,7.0
8379,7.7
8380,4.8
8382,5.2
8383,5.4
8385,7.2
8387,3.4
8391,7.3
8402,6.1
8405,7.7
8410,6.8
8424,6.8
8425,5.4
8426,7.1
8427,4.3
8446,7.2
8447,5.9
8450,6.5
8451,7.4
8454,7.3
8456,8.1
8458,7.8
8459,8.2
8461,6.1
8462,7.4
8463,7.8
8464,7.2
8465,7.1
8477,8.3
8481,7.1
8482,7.6
8484,8.6
8487,6.5
8491,8.2
8492,8.1
8493,6.9
8494,7.3
8495,6.6
8500,6.4
8501,7.3
8502,7.0
8506,6.0
8507,7.9
8511,7.7
8512,6.7
8518,6.9
8521,7.7
8526,5.9
8528,6.7
8529,7.3
8530,7.8
8531,5.6
8532,6.7
8533,7.9
8534,7.1
8535,6.6
8542,7.7
8571,6.7
8574,8.2
8575,6.9
8577,6.9
8578,5.5
8580,8.4
8581,7.3
8582,8.2
8587,7.0
8588,5.5
8591,6.1
8593,7.1
8596,6.7
8600,7.9
8601,7.4
8604,7.0
8605,5.8
8607,7.9
8609,7.9
8610,6.7
8611,7.4
8614,6.9
8617,6.4
8620,8.2
8622,7.5
8623,6.6
8626,6.8
8632,5.4
8633,6.7
8636,7.3
8638,8.1
8640,6.3
8641,7.2
8643,5.9
8644,7.1
8645,7.5
8650,7.7
8656,8.1
8665,7.7
8666,3.3
8667,6.7
8670,7.9
8677,7.1
8684,8.2
8685,7.2
8690,6.9
8695,7.3
8711,7.3
8712,7.4
8713,5.9
8714,6.2
8718,7.6
8720,5.5
8724,8.1
8727,7.1
8730,7.1
8738,7.6
8743,5.8
8748,7.3
8754,7.6
8755,8.3
8765,7.5
8771,7.0
8772,7.7
8773,6.7
8774,6.9
8778,7.0
8781,6.6
8782,4.3
8783,6.5
8784,7.5
8795,7.2
8796,7.0
8798,7.5
8799,5.3
8800,6.2
8804,7.6
8807,7.1
8808,5.8
8809,6.8
8810,5.6
8813,6.3
8814,5.9
8815,5.1
8827,8.2
8830,4.6
8831,5.9
8832,6.4
8833,6.2
8835,5.8
8836,7.0
8838,7.4
8840,6.7
8844,7.9
8848,8.0
8860,6.5
8861,6.2
8864,5.5
8865,6.1
8866,6.3
8869,5.0
8870,5.8
8873,7.8
8874,7.9
8875,7.7
8879,7.3
8880,7.2
8894,5.7
8905,6.5
8906,5.9
8907,6.0
8908,6.5
8910,6.7
8911,5.9
8912,4.5
8914,6.9
8915,7.2
8916,6.1
8917,7.2
8918,6.6
8919,6.2
8920,7.3
8921,7.2
8928,7.2
8933,7.3
8934,5.7
8937,7.3
8938,7.2
8939,6.2
8943,7.0
8946,5.4
8947,5.9
8948,6.2
8949,7.5
8950,7.7
8951,7.7
8952,6.8
8954,7.7
8955,6.6
8957,7.6
8958,7.7
8959,6.1
8961,8.0
8964,6.6
8965,6.6
8966,7.1
8967,4.9
8968,6.3
8969,6.0
8970,7.7
8972,6.9
8973,7.5
8974,7.1
8977,5.6
8978,5.3
8979,7.3
8981,7.3
8982,7.3
8983,7.6
8984,6.5
8985,5.9
8987,6.8
8989,7.2
8998,7.7
9004,6.2
9005,6.5
9008,6.6
9010,7.7
9018,7.8
25746,7.3
25750,8.2
25752,7.6
25753,7.9
25757,6.7
25769,8.0
25771,7.8
25773,7.3
25782,7.4
25788,7.8
25795,7.8
25797,8.0
25805,7.8
25825,7.9
25826,7.8
25827,8.0
25833,7.5
25834,8.0
25841,7.8
25850,7.8
25855,7.9
25856,7.7
25865,7.7
25870,7.6
25886,8.0
25887,7.4
25898,8.0
25905,7.8
25906,7.8
25923,7.9
25927,7.4
25937,7.5
25940,7.7
25946,7.2
25947,7.7
25952,7.8
25959,7.0
25962,6.9
25963,8.3
25996,7.7
25999,6.9
26002,7.3
26003,8.6
26038,7.1
26048,8.5
26052,7.8
26059,8.2
26073,8.8
26078,7.8
26082,8.7
26084,7.7
26085,7.3
26095,7.0
26116,7.6
26122,8.0
26124,6.6
26131,8.1
26133,8.4
26142,6.8
26147,7.5
26150,8.2
26151,7.9
26152,6.5
26158,7.7
26159,7.3
26169,7.4
26171,8.0
26172,7.4
26176,7.8
26183,7.2
26184,8.5
26195,6.4
26198,7.2
26225,7.8
26231,7.0
26236,7.9
26237,7.1
26242,7.7
26249,7.5
26258,7.5
26265,6.5
26283,7.5
26285,6.4
26303,7.0
26308,7.1
26313,7.2
26317,5.3
26322,6.5
26326,7.9
26340,7.7
26344,6.8
26347,8.3
26350,7.6
26357,6.7
26359,7.7
26365,5.8
26366,8.3
26375,6.9
26386,6.7
26391,6.7
26394,6.9
26399,7.2
26401,7.1
26409,3.5
26413,7.5
26422,7.6
26429,6.1
26444,8.0
26453,8.6
26464,6.4
26467,7.0
26471,8.2
26472,7.7
26492,6.5
26498,7.0
26504,6.6
26510,5.5
26523,5.9
26524,8.3
26527,7.2
26528,8.4
26539,7.3
26542,5.5
26547,7.6
26554,6.8
26555,6.4
26562,6.6
26564,7.4
26567,4.9
26578,8.1
26585,7.6
26587,9.0
26590,7.1
26593,5.5
26599,7.2
26603,6.7
26606,7.5
26612,7.4
26614,6.9
26622,7.1
26629,6.1
26630,6.1
26631,7.5
26645,6.9
26649,8.7
26662,7.9
26676,5.5
26680,6.5
26681,7.7
26686,4.3
26693,6.9
26694,7.7
26695,6.7
26696,6.2
26700,5.9
26701,7.2
26704,7.3
26712,8.2
26713,7.6
26717,5.9
26726,6.4
26729,8.2
26732,7.2
26736,7.1
26741,4.2
26743,7.7
26745,6.2
26750,6.9
26761,8.2
26764,3.3
26765,6.5
26776,7.8
26777,7.5
26778,5.3
26782,6.5
26791,6.4
26792,5.0
26796,7.7
26797,7.8
26810,7.4
26812,7.3
26819,5.9
26828,3.7
26838,7.3
26840,7.6
26849,7.2
26854,5.1
26861,6.3
26865,7.6
26870,5.5
26871,5.5
26875,7.8
26887,6.1
26900,6.6
26901,7.0
26903,8.0
26913,7.3
26928,7.6
26940,6.9
26947,7.4
26958,7.1
26965,7.1
26974,6.7
26985,6.1
26999,6.5
27002,8.7
27003,4.1
27006,7.1
27008,4.1
27020,7.0
27022,7.2
27032,6.9
27036,7.1
27074,5.3
27075,3.9
27105,7.0
27124,6.8
27134,6.5
27140,4.1
27155,7.8
27156,8.2
27176,8.2
27178,7.8
27186,7.6
27193,6.5
27246,7.1
27251,8.4
27255,7.6
27266,7.5
27306,6.4
27311,7.8
27317,7.2
27320,7.1
27328,7.4
27329,7.6
27368,6.6
27369,8.2
27370,7.0
27373,7.8
27397,7.8
27408,6.6
27416,6.8
27420,5.3
27426,5.9
27434,5.4
27441,6.7
27450,5.2
27473,3.8
27478,6.2
27480,6.9
27482,5.6
27491,6.6
27513,7.1
27523,8.1
27537,6.2
27539,6.6
27549,5.8
27555,7.1
27563,7.1
27584,6.6
27592,7.6
27595,5.1
27604,6.6
27611,8.6
27618,4.2
27619,6.6
27627,8.0
27644,6.5
27660,7.4
27664,5.0
27667,6.9
27674,7.2
27683,5.4
27685,4.5
27689,5.9
27692,6.6
27695,6.6
27704,4.7
27705,6.3
27706,6.8
27708,6.3
27716,7.3
27721,7.7
27722,7.6
27728,7.6
27731,7.3
27741,8.1
27744,7.4
27746,6.5
27751,6.2
27762,6.0
27768,7.1
27769,6.7
27772,6.7
27773,8.4
27776,6.7
27778,5.9
27784,6.2
27788,7.1
27790,6.9
27793,3.5
27801,7.2
27802,7.4
27803,8.0
27808,6.4
27815,7.9
27816,6.8
27820,7.5
27821,6.4
27822,5.7
27826,6.6
27829,7.1
27830,6.7
27831,7.3
27834,8.0
27837,6.1
27838,7.2
27839,5.4
27846,8.1
27850,6.9
27865,6.9
27866,7.6
27869,8.1
27873,7.5
27878,7.3
27879,7.8
27882,7.9
27899,5.4
27904,7.1
27905,6.2
27912,7.6
30707,8.1
30745,7.0
30749,8.1
30793,6.6
30803,8.0
30810,7.3
30812,7.5
30816,7.3
30818,6.7
30820,7.2
30822,6.5
30825,6.3
30846,7.0
30848,7.2
30850,7.1
30883,4.3
30890,7.2
30892,7.4
30894,5.5
30898,6.9
30994,6.3
31000,5.8
31030,8.2
31038,6.2
31049,5.5
31083,4.6
31086,7.6
31101,7.2
31114,7.2
31116,7.8
31123,7.1
31150,6.5
31162,6.9
31184,7.0
31193,7.6
31221,4.7
31223,5.2
31225,7.3
31260,7.3
31297,7.5
31309,8.3
31364,8.1
31367,5.8
31410,8.2
31420,6.3
31422,4.7
31424,2.3
31427,5.9
31431,4.2
31433,6.1
31435,7.9
31437,8.1
31445,6.2
31522,7.9
31545,8.5
31553,3.7
31590,7.9
31610,6.1
31617,7.3
31658,8.2
31660,6.9
31664,6.1
31685,6.6
31692,6.8
31694,6.2
31696,7.0
31698,2.2
31700,6.4
31702,8.1
31737,7.3
31804,6.5
31851,7.7
31867,5.4
31878,7.8
31903,7.7
31909,5.1
31921,6.8
31923,7.3
31925,6.8
31952,7.7
31973,7.9
32009,5.8
32011,5.0
32017,5.6
32019,5.7
32022,6.6
32029,6.6
32031,6.3
32058,6.4
32060,7.2
32116,5.4
32139,7.2
32160,7.8
32179,8.0
32213,5.7
32234,7.3
32243,6.3
32289,6.0
32291,6.5
32294,6.4
32296,5.1
32298,5.9
32300,5.3
32302,7.1
32314,6.6
32371,7.4
32387,8.0
32392,6.4
32440,5.7
32442,6.3
32456,7.3
32460,8.0
32469,7.5
32511,7.6
32515,6.6
32554,7.6
32582,7.9
32584,6.7
32587,8.0
32589,5.6
32596,6.0
32598,6.2
32600,6.0
32620,6.4
32632,7.2
32649,8.1
32657,8.6
32659,6.4
32666,2.9
32728,7.1
32743,6.1
32770,7.5
32799,7.7
32862,6.4
32875,7.4
32892,8.1
32898,8.2
32906,8.3
32914,5.5
32917,7.2
33004,6.8
33085,6.0
33090,6.8
33124,7.4
33126,6.4
33132,4.6
33138,6.8
33145,6.6
33148,4.2
33154,7.9
33158,4.4
33162,7.2
33164,5.3
33166,7.8
33171,7.7
33188,6.6
33201,6.4
33237,7.3
33294,7.2
33310,7.0
33312,7.1
33421,6.6
33435,8.0
33437,7.0
33493,7.6
33495,5.6
33499,5.5
33558,7.4
33564,8.2
33615,6.9
33629,6.2
33639,7.5
33644,5.3
33646,6.4
33649,7.5
33660,8.0
33669,6.6
33672,7.1
33677,6.5
33679,6.5
33681,3.5
33683,6.8
33725,7.4
33779,8.7
33781,7.2
33794,8.2
33801,6.5
33815,5.5
33826,7.5
33830,4.8
33834,6.2
33836,4.8
33838,7.1
33880,7.3
33893,7.1
33896,7.0
33903,7.5
33966,4.0
34018,6.9
34048,6.5
34072,7.6
34129,5.2
34143,5.6
34148,7.3
34150,5.7
34153,7.7
34162,7.0
34164,6.4
34271,7.4
34292,6.0
34312,5.6
34319,6.9
34321,5.8
34323,6.9
34326,5.8
34330,5.5
34332,6.2
34334,5.0
34336,5.9
34338,6.4
34359,6.9
34397,4.7
34405,7.9
34437,7.2
34450,7.1
34482,8.2
34520,5.1
34523,7.0
34528,7.0
34530,4.7
34532,6.5
34534,6.9
34536,6.7
34540,6.5
34542,7.8
34800,5.3
34811,7.4
35015,7.3
35347,7.2
35807,6.8
35836,7.1
35957,6.5
36276,7.3
36289,5.9
36363,8.2
36397,5.5
36401,5.9
36477,6.6
36509,5.1
36517,7.4
36519,6.3
36525,6.7
36527,6.7
36529,7.6
36533,5.9
36535,7.5
36537,6.6
36708,7.7
36850,7.2
36931,7.0
37211,6.9
37240,8.1
37380,5.2
37382,6.0
37384,6.8
37386,5.5
37444,4.6
37475,7.0
37477,5.6
37495,7.7
37545,7.2
37720,6.7
37727,6.3
37729,7.4
37731,7.5
37733,7.5
37736,6.9
37739,7.5
37741,7.4
37830,7.3
37844,6.1
37853,5.9
37857,6.9
38038,7.5
38061,7.6
38095,7.6
38159,8.3
38164,7.6
38198,7.6
38294,5.9
38304,8.5
38388,6.7
38583,5.9
38798,6.5
38886,7.4
38992,6.2
39183,7.7
39231,6.4
39234,7.3
39292,7.5
39307,6.9
39381,7.4
39400,3.6
39414,6.4
39427,6.9
39435,6.0
39444,6.6
39446,6.6
39449,6.2
39516,7.1
39715,5.1
39801,6.5
39869,7.3
40148,6.5
40278,7.0
40339,5.8
40412,7.7
40414,7.8
40478,4.1
40491,7.6
40578,7.6
40581,6.2
40583,6.9
40597,6.1
40614,6.6
40617,5.6
40629,7.8
40697,8.3
40723,6.3
40732,7.2
40815,7.7
40819,7.9
40826,7.0
40851,6.2
40870,7.9
40946,6.5
40955,7.3
40959,6.3
40962,5.5
40966,6.4
41014,7.2
41285,7.6
41527,7.5
41566,6.9
41569,7.2
41571,7.4
41573,6.3
41617,5.5
41627,8.4
41712,7.6
41716,6.8
41724,6.8
41769,6.9
41828,8.0
41863,7.4
41997,7.6
42002,6.4
42004,7.4
42007,5.5
42009,5.5
42011,6.1
42013,5.8
42015,6.5
42018,7.0
42176,7.9
42191,7.4
42285,5.2
42418,6.7
42422,7.3
42556,7.3
42559,7.6
42602,7.6
42632,7.6
42638,6.0
42718,7.2
42723,5.9
42725,7.0
42728,6.8
42730,7.2
42732,6.5
42734,6.5
42738,6.7
42740,5.4
42761,5.4
42943,5.3
42946,7.4
43289,7.6
43333,7.8
43376,7.6
43396,7.8
43419,5.7
43460,6.8
43549,6.4
43556,5.9
43558,4.7
43560,6.6
43677,7.2
43679,5.8
43684,6.7
43708,7.2
43744,6.8
43836,5.6
43869,6.5
43871,5.8
43904,5.1
43908,6.6
43912,5.1
43914,6.4
43917,7.3
43919,2.8
43921,7.4
43928,4.4
43930,5.4
43932,4.8
43936,6.6
44004,5.6
44020,6.8
44022,6.8
44189,5.8
44191,8.2
44193,6.4
44195,7.6
44197,7.1
44199,7.6
44204,7.3
44225,5.4
44238,4.5
44241,5.0
44243,3.5
44301,6.9
44397,6.4
44399,4.4
44511,6.6
44555,8.4
44597,7.6
44613,6.7
44633,8.0
44657,7.8
44665,7.8
44694,7.6
44709,7.4
44719,7.7
44731,5.1
44759,4.3
44761,7.4
44773,4.0
44777,5.3
44788,7.5
44828,6.5
44840,5.6
44849,6.7
44851,6.8
44864,5.8
44889,7.1
44929,7.3
44931,7.0
44937,7.5
44943,8.4
44972,5.1
44974,7.1
45028,6.8
45062,6.1
45074,5.3
45081,6.6
45106,5.5
45175,7.1
45183,7.1
45186,6.9
45208,5.5
45210,7.6
45221,6.4
45361,5.1
45382,6.4
45431,6.7
45440,6.3
45442,5.7
45447,6.6
45499,6.7
45501,5.8
45503,7.3
45517,7.1
45635,6.6
45648,5.9
45658,7.0
45662,5.5
45666,5.7
45668,6.8
45672,6.4
45720,6.9
45722,7.3
45726,5.6
45728,7.4
45730,5.6
45732,5.1
45880,6.4
45928,7.7
45950,7.4
45969,5.9
46062,5.4
46105,6.0
46231,5.8
46322,7.7
46335,6.0
46337,5.0
46347,8.1
46367,6.5
46530,6.1
46559,7.5
46572,6.3
46574,5.6
46578,7.8
46664,7.8
46723,7.5
46772,6.1
46850,7.4
46855,8.2
46862,7.2
46865,4.4
46948,6.6
46965,5.5
46967,6.7
46970,6.6
46972,6.4
46974,6.0
46976,7.6
47044,6.0
47099,8.0
47122,5.8
47124,5.8
47200,7.0
47202,7.5
47254,6.5
47261,5.9
47382,6.6
47384,4.3
47404,7.9
47423,7.2
47446,6.7
47465,6.5
47491,7.8
47516,4.0
47518,6.5
47538,7.2
47566,7.3
47610,7.6
47629,7.3
47640,6.3
47644,7.1
47646,6.3
47721,8.2
47725,7.1
47736,7.4
47774,7.1
47793,6.5
47810,3.7
47894,7.5
47937,6.5
47950,6.5
47952,5.3
47970,6.5
47978,6.6
47997,6.6
47999,7.4
48001,7.2
48032,7.1
48043,7.3
48045,7.7
48082,7.3
48142,5.6
48150,5.7
48161,6.9
48214,6.5
48262,7.3
48304,7.8
48319,6.5
48322,7.1
48326,6.2
48342,7.0
48385,7.3
48394,8.2
48412,6.9
48414,6.1
48416,5.9
48516,8.5
48518,5.9
48520,5.5
48560,6.2
48593,6.2
48596,4.7
48598,7.1
48638,7.1
48649,7.4
48678,6.3
48696,7.5
48698,8.0
48738,7.7
48741,7.4
48744,6.5
48774,7.9
48780,8.5
48783,7.1
48872,7.4
48877,6.2
48879,6.7
48883,6.3
48982,6.6
48997,7.5
49013,4.7
49110,5.3
49130,7.0
49132,7.7
49220,6.3
49263,7.1
49265,7.7
49272,8.0
49274,6.5
49276,6.0
49278,7.1
49280,7.0
49284,6.6
49286,6.9
49314,6.9
49347,6.3
49389,7.3
49396,6.8
49524,6.8
49530,8.0
49647,6.3
49649,5.1
49651,7.2
49666,6.5
49688,7.4
49735,5.0
49772,7.5
49793,7.1
49822,6.7
49824,6.5
49910,7.6
49917,8.6
49932,7.0
49957,6.9
49961,7.4
50003,4.8
50005,7.0
50064,6.1
50068,7.9
50147,4.6
50158,5.3
50160,7.0
50189,5.2
50274,7.1
50354,7.3
50356,7.7
50440,4.8
50442,6.9
50445,5.6
50514,7.8
50601,7.2
50610,6.0
50613,4.8
50658,8.2
50685,7.0
50740,8.1
50792,6.0
50794,6.7
50796,5.5
50798,2.4
50800,5.4
50802,5.6
50804,6.2
50806,4.0
50842,6.7
50851,7.8
50872,8.0
50912,7.3
50923,6.3
50942,6.2
50954,6.3
50999,5.5
51024,7.0
51037,6.5
51077,5.2
51080,7.0
51082,5.6
51084,6.5
51086,6.4
51088,6.0
51091,7.0
51167,8.4
51174,6.4
51255,7.9
51314,6.9
51357,7.6
51412,6.2
51471,7.5
51498,5.4
51540,7.7
51545,7.3
51562,6.5
51573,8.0
51575,5.9
51662,7.7
51666,5.6
51694,6.7
51698,6.3
51705,7.0
51709,7.0
51834,7.1
51884,7.5
51903,5.5
51925,5.9
51927,6.2
51931,7.5
51933,5.9
51935,7.2
51937,5.1
51939,6.3
52042,7.8
52241,7.0
52245,6.3
52279,4.1
52281,7.6
52283,5.7
52287,6.9
52299,7.4
52319,6.6
52328,7.3
52375,6.7
52435,8.4
52458,6.9
52462,6.9
52579,7.6
52604,7.2
52644,6.2
52668,6.5
52694,6.4
52712,6.3
52715,4.6
52722,6.2
52724,5.9
52730,6.5
52767,8.2
52784,8.0
52831,6.0
52867,5.5
52885,7.7
52950,6.5
52952,7.7
52967,7.6
52973,7.0
52975,6.7
53000,7.0
53022,7.2
53024,7.9
53121,6.1
53123,7.9
53125,7.1
53127,6.1
53129,7.3
53138,6.3
53140,6.3
53143,6.3
53161,7.1
53280,5.1
53318,7.2
53322,6.9
53326,6.5
53355,6.8
53435,5.5
53447,6.7
53450,6.4
53453,3.9
53460,6.7
53464,5.6
53466,5.9
53468,6.7
53519,7.0
53550,7.3
53574,6.6
53578,6.6
53808,5.7
53883,8.9
53894,8.0
53921,6.7
53953,6.8
53956,7.4
53972,7.1
53974,5.3
53993,5.4
53996,7.1
54001,7.5
54004,6.0
54116,6.3
54121,7.2
54185,7.3
54190,7.4
54256,6.7
54259,7.7
54272,7.3
54274,3.6
54276,6.3
54281,7.0
54286,8.0
54354,7.5
54372,7.5
54503,7.6
54617,5.1
54648,6.2
54686,5.4
54732,5.3
54734,6.3
54736,7.0
54745,6.7
54768,3.0
54771,5.9
54780,6.2
54785,6.1
54787,6.8
54796,6.8
54881,8.1
54908,5.6
54910,6.8
54934,5.3
54962,6.4
54995,7.1
54997,7.7
54999,6.7
55020,5.1
55036,7.3
55052,7.8
55061,7.0
55067,7.0
55069,7.9
55071,8.3
55080,6.8
55094,7.2
55110,6.6
55112,6.8
55116,6.8
55118,7.6
55156,7.9
55167,7.7
55190,6.2
55205,6.8
55207,7.7
55232,6.3
55241,5.2
55245,5.6
55247,8.1
55250,6.2
55253,7.6
55259,4.8
55261,5.8
55267,6.8
55269,7.2
55272,6.9
55274,6.9
55276,7.3
55278,6.5
55280,7.3
55282,6.6
55290,7.7
55292,4.2
55294,6.4
55363,7.5
55391,6.4
55442,8.1
55444,7.7
55451,6.8
55492,5.6
55553,5.8
55555,7.8
55577,5.9
55620,7.8
55687,7.2
55721,8.1
55729,6.7
55765,7.8
55768,6.1
55805,7.3
55814,8.0
55820,8.1
55830,6.4
55844,5.6
55854,6.5
55872,7.5
55908,7.9
55946,6.2
55995,6.2
56003,5.5
56012,7.8
56022,7.4
56060,7.4
56145,7.2
56152,7.1
56156,6.3
56169,6.5
56171,6.1
56174,7.2
56176,5.2
56251,7.7
56274,6.1
56286,7.0
56333,7.2
56336,5.5
56339,7.5
56367,7.5
56379,7.3
56389,6.7
56563,7.2
56587,7.4
56607,7.6
56620,5.6
56715,7.3
56757,7.4
56775,6.5
56782,8.2
56788,7.1
56801,4.7
56805,6.8
56837,6.3
56869,7.4
56908,6.8
56915,6.5
56921,7.7
56941,7.1
56949,6.1
57147,6.7
57183,8.4
57243,7.6
57274,7.5
57326,3.8
57368,7.0
57421,5.7
57499,7.1
57502,7.7
57504,7.8
57522,4.4
57526,6.2
57528,7.0
57532,2.8
57536,5.3
57637,6.1
57640,7.0
57669,7.9
57772,7.9
57843,6.9
57910,5.4
57951,5.7
58025,6.1
58047,7.2
58078,6.9
58103,6.6
58105,6.6
58107,6.3
58154,6.7
58156,5.8
58162,6.6
58191,7.5
58287,4.8
58291,4.3
58293,5.1
58295,7.2
58297,6.0
58299,6.8
58301,6.5
58303,7.6
58306,7.3
58309,7.9
58315,3.8
58332,5.7
58347,6.8
58351,7.2
58376,8.2
58404,7.0
58425,8.6
58492,6.9
58554,8.0
58559,9.0
58627,6.6
58655,5.7
58783,6.3
58803,6.8
58806,6.2
58826,5.7
58839,6.0
58842,7.3
58870,6.6
58876,6.5
58879,7.2
58964,6.8
58972,6.0
58975,5.9
58998,7.2
59014,4.5
59016,6.8
59018,7.7
59022,6.6
59026,7.3
59037,6.0
59103,6.6
59118,7.0
59126,7.7
59129,5.9
59131,3.1
59141,7.0
59143,6.1
59220,7.0
59258,6.0
59295,3.8
59306,3.9
59315,7.9
59333,5.9
59336,6.8
59369,7.8
59387,7.9
59421,6.1
59429,5.4
59440,7.3
59501,6.5
59549,7.7
59604,6.6
59615,6.2
59667,6.3
59725,5.6
59727,6.2
59731,7.6
59738,5.6
59784,7.6
59810,7.4
59814,7.0
59900,5.5
59915,6.5
59947,5.7
59985,6.7
59995,7.6
60030,6.4
60037,5.0
60040,6.7
60046,7.1
60069,8.4
60072,6.7
60074,6.4
60126,6.5
60128,6.3
60141,5.8
60161,7.3
60289,6.6
60291,7.7
60293,7.0
60303,7.1
60333,7.8
60363,4.1
60365,7.4
60389,7.0
60397,6.4
60408,7.1
60471,6.2
60487,8.2
60514,5.8
60516,5.0
60522,5.9
60538,4.7
60647,6.7
60674,7.5
60684,7.6
60735,7.3
60737,6.4
60753,7.5
60756,6.9
60760,6.0
60766,7.8
60803,7.1
60818,7.6
60832,6.0
60857,6.2
60885,7.1
60894,6.3
60904,8.8
60937,5.2
60941,6.1
60943,7.2
60950,7.1
60979,6.8
61011,5.9
61024,7.0
61026,7.4
61071,6.2
61073,5.1
61123,5.0
61132,7.0
61160,5.9
61167,6.5
61210,5.2
61236,8.0
61240,7.9
61246,6.4
61248,6.4
61250,5.5
61255,6.2
61257,7.6
61262,6.2
61289,6.3
61319,6.9
61323,7.0
61348,1.9
61350,5.6
61352,7.0
61394,6.3
61401,4.8
61406,8.6
61465,5.4
61628,7.3
61692,5.7
61697,6.0
61705,6.1
61729,6.7
61818,3.1
61986,6.7
62008,4.5
62081,6.6
62113,6.4
62155,6.7
62208,8.0
62250,7.0
62293,6.9
62299,3.3
62336,8.3
62344,6.7
62374,7.1
62376,6.5
62383,6.9
62394,5.4
62434,6.6
62437,6.3
62439,5.9
62511,7.5
62553,7.3
62586,4.3
62644,7.6
62662,7.4
62718,6.3
62792,6.7
62799,7.3
62834,6.1
62836,6.6
62849,7.3
62956,7.3
62970,7.2
62999,6.7
63033,6.6
63062,7.7
63072,7.3
63082,8.0
63113,6.6
63131,6.8
63179,7.1
63222,7.2
63239,6.5
63276,7.1
63312,6.1
63393,5.2
63433,8.2
63436,5.8
63479,6.5
63515,8.0
63540,3.8
63768,7.3
63808,7.5
63826,6.1
63853,6.6
63859,6.8
63876,7.6
63992,5.2
64010,6.0
64030,6.1
64032,5.7
64034,7.8
64114,6.6
64116,6.0
64167,6.6
64197,7.6
64231,6.0
64249,6.5
64278,7.9
64285,7.6
64497,5.5
64499,7.2
64501,6.9
64575,7.5
64614,8.1
64620,7.7
64622,7.6
64695,7.8
64716,7.6
64839,7.9
64957,7.8
64969,6.8
64983,7.1
64993,7.7
64997,3.3
65037,7.4
65088,6.1
65126,6.5
65130,7.3
65133,7.7
65135,8.0
65188,8.6
65193,6.1
65216,7.2
65225,8.3
65230,7.1
65261,7.7
65350,6.6
65359,5.8
65514,8.0
65577,6.1
65585,5.5
65588,7.4
65596,7.6
65601,5.5
65631,6.7
65642,7.2
65651,4.4
65682,6.6
65685,6.1
65738,3.9
65740,3.9
65802,5.2
65810,6.7
65882,6.4
65982,6.3
66090,6.8
66097,7.7
66171,6.1
66198,6.5
66203,6.4
66240,6.1
66297,7.3
66310,6.3
66320,7.3
66335,7.3
66371,8.1
66427,6.3
66509,6.3
66511,7.3
66544,7.4
66665,7.1
66744,7.3
66783,5.6
66785,7.3
66798,5.6
66915,6.0
66934,8.6
66943,6.1
67087,7.0
67168,5.8
67186,5.9
67193,6.2
67197,6.2
67255,7.8
67267,6.9
67295,7.2
67361,5.8
67408,6.5
67508,7.4
67534,6.2
67618,6.4
67665,7.9
67695,5.8
67734,6.8
67788,5.9
67799,5.6
67888,7.7
67923,6.6
67997,7.5
68073,7.4
68135,6.4
68157,8.3
68159,7.1
68194,7.6
68205,6.2
68237,7.9
68269,7.3
68319,6.6
68347,7.6
68358,8.0
68444,6.5
68480,6.2
68486,7.6
68522,8.0
68536,8.0
68552,6.7
68554,6.7
68597,6.5
68600,5.5
68650,6.3
68659,6.6
68791,6.6
68793,6.0
68835,7.0
68848,6.8
68872,7.7
68886,6.7
68932,6.7
68945,7.5
68952,6.6
68954,8.2
68959,7.5
69069,6.2
69118,6.1
69122,7.7
69131,6.0
69134,6.6
69140,7.0
69211,5.1
69224,7.0
69227,5.1
69251,6.9
69275,6.3
69278,5.4
69304,5.6
69306,6.4
69394,8.0
69406,6.7
69436,4.9
69453,5.6
69469,4.3
69481,7.6
69495,6.8
69516,6.3
69524,8.2
69526,6.0
69529,8.6
69604,7.2
69606,5.8
69640,7.0
69644,7.0
69654,8.0
69685,8.2
69712,7.4
69720,4.1
69746,7.1
69757,7.7
69784,5.8
69805,6.5
69844,7.6
69849,8.3
69860,5.9
69904,5.1
69951,6.8
69953,6.4
69988,6.0
70015,7.2
70159,7.0
70183,6.4
70206,6.4
70208,6.5
70286,7.9
70293,7.0
70301,4.9
70305,5.7
70334,4.4
70336,5.8
70361,5.6
70451,7.3
70492,6.1
70521,7.4
70533,7.8
70545,5.7
70565,5.8
70599,7.1
70637,6.6
70641,5.0
70663,5.3
70687,6.0
70697,5.1
70703,4.4
70708,6.9
70728,7.1
70862,7.6
70932,5.9
70946,2.8
70984,6.7
70990,7.1
70994,4.9
71033,8.2
71057,7.1
71106,7.1
71108,7.8
71129,7.2
71131,8.0
71135,6.8
71147,7.8
71156,6.2
71160,6.9
71205,5.2
71211,6.5
71248,6.2
71252,5.2
71254,5.8
71264,7.0
71268,4.4
71282,7.8
71302,5.1
71304,7.2
71327,7.0
71341,5.4
71379,6.3
71429,6.9
71438,8.0
71453,7.9
71462,8.4
71464,7.1
71466,7.4
71468,7.0
71484,6.3
71494,6.0
71500,6.8
71518,6.9
71520,6.4
71530,6.3
71535,7.6
71550,6.3
71579,7.3
71619,6.7
71640,8.0
71668,5.5
71732,6.1
71745,6.8
71810,5.4
71823,6.3
71838,7.4
71867,7.4
71899,8.1
71902,5.9
71910,6.1
71970,7.0
71999,6.6
72011,7.4
72104,7.9
72129,6.0
72142,8.1
72165,5.9
72167,6.3
72171,7.4
72178,7.7
72224,6.2
72226,7.9
72294,6.8
72308,7.1
72330,6.4
72356,8.2
72378,5.8
72395,7.3
72405,6.6
72407,4.7
72424,4.0
72479,7.1
72489,6.4
72554,7.7
72591,4.2
72601,7.8
72603,6.8
72605,7.1
72624,7.1
72641,7.7
72692,7.2
72694,6.7
72696,5.4
72701,6.1
72714,8.7
72720,7.6
72731,6.7
72733,7.3
72737,7.1
72874,5.1
72919,4.8
72921,6.2
72982,7.3
72998,7.8
73015,6.6
73017,7.6
73023,7.3
73042,4.5
73106,4.8
73160,4.8
73211,6.6
73266,6.5
73268,6.5
73290,8.1
73319,6.5
73321,6.9
73323,7.3
73344,7.9
73386,5.9
73431,6.1
73488,5.3
73499,6.5
73515,5.7
73569,7.2
73676,6.7
73681,7.6
73741,5.6
73804,5.2
73808,7.9
73822,7.2
73854,8.1
73858,5.0
73876,7.1
73881,8.4
73929,5.2
74075,3.6
74089,7.6
74095,6.8
74154,5.6
74226,7.9
74228,6.9
74275,6.6
74282,8.3
74324,8.3
74342,7.0
74370,6.4
74450,5.7
74452,5.8
74458,8.1
74508,7.5
74510,7.2
74530,5.9
74532,5.6
74545,7.2
74553,7.7
74580,5.5
74624,7.2
74647,4.7
74668,6.5
74677,7.6
74683,6.9
74685,6.5
74688,6.3
74696,7.7
74698,5.0
74727,8.5
74750,6.5
74754,3.7
74789,6.5
74791,7.5
74795,6.8
74851,6.5
74868,6.3
74916,6.1
74946,6.4
74948,7.2
75341,7.1
75389,5.8
75395,6.2
75416,4.7
75446,6.6
75803,4.9
75805,5.6
75813,6.5
75816,5.7
75947,6.4
75985,6.3
76030,6.2
76054,7.8
76060,6.5
76077,6.4
76091,7.8
76093,8.1
76143,7.5
76173,7.2
76175,5.8
76251,7.6
76293,6.3
76301,5.9
76738,8.0
76743,5.3
76751,7.8
76763,6.6
77177,8.5
77191,5.7
77201,6.1
77206,6.2
77233,8.3
77266,6.6
77364,6.4
77414,6.0
77421,6.3
77427,4.4
77455,8.0
77561,7.0
77667,5.5
77688,6.6
77709,6.8
77795,6.2
77798,5.2
77800,7.3
77841,5.4
77846,7.9
77866,6.6
77881,5.7
77893,6.8
77931,7.2
78034,6.9
78039,7.4
78041,5.4
78088,7.0
78103,7.7
78105,6.6
78116,6.6
78142,6.9
78160,8.1
78174,4.4
78209,6.4
78218,7.1
78264,5.4
78266,5.7
78316,6.6
78349,6.9
78467,4.7
78469,6.8
78499,8.3
78544,7.8
78574,7.2
78620,6.8
78626,7.0
78637,6.3
78703,6.5
78746,7.3
78772,5.0
78836,7.3
78893,4.1
78959,6.3
79006,8.4
79008,8.5
79057,6.4
79073,7.7
79091,7.7
79132,8.8
79134,6.0
79139,6.1
79185,6.3
79224,6.2
79242,7.0
79251,5.1
79259,6.0
79274,8.1
79293,6.4
79299,7.9
79333,8.2
79357,7.8
79428,5.9
79501,6.8
79536,6.7
79553,7.6
79572,6.6
79590,6.3
79592,6.7
79677,8.5
79684,6.6
79695,6.5
79702,7.5
79798,7.5
79868,6.0
79879,5.4
79895,6.3
79897,7.1
79946,6.5
80083,7.0
80094,5.6
80124,7.1
80126,6.3
80139,6.5
80162,5.9
80166,6.1
80219,6.6
80241,6.3
80363,5.9
80454,6.2
80463,7.7
80478,7.4
80489,7.6
80549,7.1
80551,5.8
80553,6.8
80572,6.2
80584,6.9
80586,7.7
80590,6.2
80615,7.0
80693,7.1
80727,6.6
80748,6.5
80831,7.1
80834,7.5
80839,7.2
80846,6.2
80858,5.8
80860,6.6
80862,7.1
80864,6.3
80880,5.4
80906,8.2
80917,6.4
80969,7.1
81018,7.5
81087,7.1
81132,5.8
81156,7.0
81158,7.5
81191,7.5
81229,7.1
81257,7.6
81383,6.8
81417,5.7
81456,7.2
81512,6.5
81520,7.5
81535,5.6
81537,6.5
81562,7.6
81564,7.3
81591,8.0
81681,6.9
81782,6.8
81784,6.5
81786,7.3
81788,7.4
81791,6.3
81819,7.5
81831,7.1
81834,7.7
81845,8.0
81847,7.8
81910,7.6
81932,7.8
81949,5.1
82041,6.7
82053,6.2
82088,7.1
82093,6.2
82095,4.4
82152,5.6
82167,6.7
82169,6.3
82202,6.0
82242,6.7
82366,5.5
82378,6.3
82459,7.6
82461,6.8
82499,5.4
82527,7.3
82534,6.8
82641,7.5
82667,7.8
82684,5.1
82744,6.5
82765,7.0
82767,7.0
82848,8.2
82852,5.5
82854,4.9
82857,6.9
83086,6.4
83132,7.6
83134,7.6
83177,4.6
83270,7.2
83349,5.8
83369,7.3
83374,6.3
83480,5.4
83601,6.3
83613,6.0
83796,7.1
83803,8.1
83827,7.6
83910,5.3
83969,6.6
83976,7.0
84152,7.4
84156,7.8
84187,8.0
84189,6.3
84240,7.5
84246,7.7
84273,8.2
84374,6.2
84392,7.3
84414,7.0
84512,7.8
84523,7.6
84553,5.7
84601,6.9
84615,6.3
84637,6.0
84696,6.2
84716,8.1
84772,7.0
84799,6.2
84844,7.8
84847,8.1
84942,5.4
84944,7.2
84950,6.3
84952,7.8
84954,7.1
85020,6.6
85022,5.9
85025,6.2
85056,6.1
85131,5.8
85179,7.5
85213,7.4
85259,8.0
85261,5.4
85295,5.2
85316,7.9
85334,4.7
85342,8.0
85354,7.5
85367,6.4
85394,7.4
85397,5.5
85399,4.4
85401,6.8
85412,7.0
85414,7.5
85438,7.4
85510,6.1
85565,6.3
85736,7.7
85774,8.6
85780,7.3
85788,6.9
85796,6.1
85881,7.2
85885,6.2
86000,7.5
86014,6.6
86028,6.0
86059,5.4
86066,7.3
86068,6.2
86142,7.6
86190,6.8
86237,9.3
86279,7.4
86286,7.2
86290,7.8
86293,5.7
86295,6.2
86298,6.9
86320,7.2
86332,7.0
86345,8.5
86347,8.6
86355,5.7
86377,8.6
86487,7.7
86504,7.5
86548,6.9
86593,7.6
86628,7.1
86644,7.3
86721,7.1
86781,8.3
86815,7.1
86817,5.9
86833,6.8
86835,5.8
86864,6.6
86880,6.6
86882,7.7
86892,7.8
86898,6.8
86911,6.5
86922,6.4
86960,6.0
87028,4.9
87192,6.7
87194,7.4
87197,7.4
87222,7.2
87232,7.7
87234,7.3
87287,7.1
87298,6.4
87304,7.2
87306,7.0
87413,7.2
87430,5.5
87444,5.1
87483,6.0
87485,5.7
87520,6.2
87522,6.1
87529,5.5
87660,7.3
87785,6.2
87834,7.4
87867,5.2
87869,6.9
87876,6.2
87960,7.6
88069,7.6
88094,7.2
88108,5.8
88125,8.1
88129,7.8
88140,6.9
88163,7.4
88179,7.0
88235,7.3
88267,7.2
88272,6.0
88327,7.5
88345,7.1
88356,5.5
88405,6.6
88448,7.1
88515,6.2
88593,7.3
88672,6.4
88697,6.6
88699,5.6
88744,7.6
88746,6.5
88785,6.3
88810,8.1
88812,6.1
88911,7.2
88932,5.9
88954,6.3
89028,5.6
89030,6.4
89039,7.0
89047,7.0
89072,6.5
89085,6.9
89087,6.4
89090,7.9
89118,7.6
89190,5.2
89208,4.8
89281,1.8
89305,6.8
89343,6.2
89386,8.3
89388,4.9
89427,4.0
89470,6.6
89492,7.6
89580,7.0
89582,7.1
89586,7.4
89678,7.3
89745,8.1
89753,7.1
89759,8.3
89761,6.4
89774,8.2
89804,7.1
89837,6.4
89840,6.5
89862,6.4
89864,7.7
89898,6.8
89904,7.9
89939,6.3
89945,7.0
90057,7.4
90243,7.7
90245,7.4
90249,7.1
90343,5.9
90345,6.2
90353,6.6
90357,7.6
90374,6.9
90376,7.5
90384,4.6
90403,5.8
90405,6.7
90428,6.5
90430,7.2
90439,7.1
90469,5.8
90471,6.9
90522,6.3
90524,5.1
90528,6.7
90531,7.2
90576,6.1
90600,7.6
90603,7.4
90630,7.6
90647,6.6
90717,6.2
90719,6.6
90738,5.9
90746,7.3
90769,7.4
90809,7.3
90863,8.2
90866,7.5
90888,6.0
90890,3.3
90943,7.3
90945,8.1
91077,7.3
91079,6.7
91094,7.1
91104,4.9
91126,7.2
91128,6.2
91233,7.9
91261,7.1
91266,5.9
91273,6.2
91323,5.7
91325,6.9
91337,6.5
91353,5.9
91355,6.1
91386,5.9
91414,7.1
91470,6.1
91483,5.7
91485,6.6
91488,8.2
91500,7.2
91529,8.4
91535,6.7
91542,7.5
91571,6.1
91622,6.3
91628,5.7
91630,7.4
91653,7.1
91658,7.8
91660,4.9
91666,7.6
91671,4.4
91688,5.3
91690,6.1
91784,5.7
91842,6.5
91860,6.2
91869,7.6
91873,5.8
91890,6.4
91935,6.4
91947,6.3
91974,6.4
91976,6.8
91978,6.6
91981,6.2
92008,5.8
92046,6.5
92048,7.2
92094,7.3
92192,5.2
92198,6.2
92234,5.9
92243,7.6
92259,8.5
92264,5.3
92309,5.5
92348,7.4
92391,6.1
92420,7.1
92422,6.4
92427,5.7
92439,6.6
92475,8.4
92494,8.5
92507,6.8
92509,6.8
92535,8.4
92637,7.7
92643,7.5
92665,6.0
92674,6.7
92681,5.8
92694,7.1
92760,2.7
92938,4.3
92954,8.1
93006,8.9
93008,8.8
93022,5.5
93040,9.1
93114,7.1
93134,7.1
93139,2.5
93193,6.4
93208,7.2
93242,5.9
93270,6.7
93272,6.4
93287,6.2
93297,6.5
93320,8.0
93326,6.3
93363,6.6
93443,6.8
93502,6.5
93510,7.2
93512,6.5
93563,6.1
93598,6.6
93610,6.1
93721,7.9
93723,5.7
93740,6.8
93766,5.8
93790,7.7
93805,5.9
93819,5.8
93831,6.7
93838,7.6
93840,7.0
93855,7.2
93980,5.1
93982,6.4
93988,8.7
94011,5.5
94015,5.6
94018,5.8
94070,7.3
94122,7.0
94130,7.4
94150,6.7
94160,6.6
94262,5.2
94266,6.2
94323,6.6
94325,6.5
94405,6.5
94478,6.2
94494,5.7
94503,6.2
94661,7.5
94677,6.4
94735,8.3
94777,6.8
94780,6.1
94799,6.6
94810,6.7
94833,6.7
94864,7.0
94867,5.8
94896,6.8
94919,6.6
94931,6.6
94953,5.6
94959,7.8
94985,7.0
95004,7.0
95067,5.9
95088,7.0
95105,6.8
95135,6.7
95145,7.0
95147,6.9
95149,7.2
95163,7.1
95165,6.9
95167,7.1
95170,6.1
95175,8.2
95182,7.0
95193,4.9
95199,5.7
95201,6.3
95207,5.9
95218,7.6
95307,5.9
95309,6.7
95311,8.4
95313,7.7
95377,7.8
95441,6.9
95449,6.1
95473,7.2
95475,7.2
95497,7.2
95499,7.5
95508,6.3
95510,7.0
95519,7.3
95543,6.6
95558,7.3
95583,6.5
95624,5.8
95633,4.8
95654,8.0
95690,6.3
95717,6.3
95720,5.7
95738,4.0
95744,6.0
95761,6.7
95771,6.7
95780,6.1
95796,2.8
95839,7.4
95843,6.3
95858,8.1
95873,7.2
95875,6.3
95939,7.0
95949,6.1
95965,8.0
96004,8.0
96007,6.6
96020,7.5
96079,7.8
96084,7.7
96110,6.1
96114,6.1
96121,6.3
96150,7.1
96281,7.0
96283,6.3
96373,7.3
96411,7.7
96417,6.5
96430,6.6
96432,7.3
96448,3.7
96471,8.2
96488,8.2
96518,8.2
96520,7.9
96530,5.4
96563,8.1
96567,7.1
96588,7.2
96606,8.5
96608,7.3
96610,7.4
96616,5.6
96655,7.1
96691,5.4
96726,5.5
96728,7.1
96737,7.1
96811,7.6
96815,5.8
96821,8.0
96829,8.3
96832,7.1
96861,6.3
96917,5.6
96935,6.7
96945,6.1
96964,5.9
96975,4.4
97024,7.5
97168,8.0
97172,7.0
97188,6.8
97194,7.8
97225,7.1
97230,7.6
97285,6.7
97304,7.7
97306,7.2
97328,6.7
97470,4.6
97643,5.0
97665,5.3
97701,4.6
97742,5.1
97752,7.4
97757,7.0
97785,5.0
97836,6.4
97858,6.2
97860,6.2
97866,7.5
97870,7.2
97904,6.8
97913,7.7
97921,7.7
97923,7.3
97936,6.6
97938,7.9
97950,5.4
97988,5.6
98061,7.1
98083,6.8
98122,7.7
98124,8.1
98154,7.4
98160,3.9
98175,5.2
98203,5.5
98230,6.1
98239,5.4
98243,7.3
98279,5.9
98296,6.3
98361,6.5
98491,8.3
98499,6.8
98503,5.9
98585,6.8
98604,7.5
98607,7.5
98623,6.7
98633,6.5
98697,7.0
98799,5.9
98809,7.9
98836,5.9
98908,4.2
98961,7.4
99005,5.6
99007,6.9
99030,6.3
99087,5.7
99106,5.8
99112,7.0
99114,8.4
99117,6.2
99122,5.6
99130,4.9
99145,7.6
99149,7.6
99191,5.9
99415,6.1
99437,6.4
99532,7.7
99574,6.6
99636,7.8
99638,7.6
99721,4.8
99728,6.7
99750,6.8
99764,8.3
99813,8.4
99846,7.5
99853,6.1
99910,6.4
99917,6.7
99992,6.2
100044,9.1
100068,6.7
100083,4.3
100106,7.6
100159,6.5
100163,6.1
100194,8.1
100226,5.6
100277,7.3
100302,6.4
100304,5.9
100306,7.4
100326,6.5
100383,7.1
100390,5.7
100397,4.7
100487,6.2
100498,5.3
100507,5.9
100527,6.7
100553,8.9
100556,8.2
100579,5.1
100611,5.9
100714,7.9
100737,6.5
100810,6.3
100843,7.4
100882,6.8
100906,5.9
101025,6.3
101070,7.5
101072,7.2
101074,7.9
101076,5.8
101088,6.8
101112,6.3
101142,7.2
101283,5.9
101360,6.7
101362,6.5
101415,6.9
101423,6.8
101525,7.3
101529,6.4
101531,6.2
101577,5.9
101612,5.7
101739,6.5
101741,6.9
101765,6.3
101864,7.0
101884,4.3
101895,7.5
101962,8.1
101973,7.5
102007,6.0
102025,3.8
102033,6.4
102058,7.1
102066,6.3
102070,6.3
102084,7.5
102088,6.6
102123,6.6
102125,7.2
102165,5.8
102194,7.4
102217,8.7
102278,5.7
102338,7.0
102378,5.7
102407,7.3
102445,7.7
102481,6.3
102590,6.8
102602,8.3
102666,8.4
102684,5.7
102686,5.8
102716,7.1
102720,6.7
102735,3.7
102742,8.6
102747,7.2
102749,4.0
102760,6.5
102800,7.4
102802,5.1
102819,7.0
102823,8.4
102852,7.1
102880,4.8
102903,7.3
102984,5.8
102993,7.4
103027,7.2
103042,7.1
103048,7.2
103075,5.7
103085,5.3
103107,7.4
103137,5.6
103141,7.3
103171,5.6
103210,7.1
103219,6.1
103221,5.8
103228,6.9
103233,6.5
103235,7.8
103245,4.5
103249,7.0
103253,6.6
103335,7.4
103339,6.4
103341,7.0
103366,6.2
103372,6.6
103384,6.4
103449,5.3
103483,6.1
103502,4.4
103539,7.1
103543,5.6
103596,3.3
103602,7.2
103606,7.2
103609,6.1
103624,7.5
103655,5.6
103685,6.3
103688,7.5
103755,6.4
103772,6.7
103801,6.1
103810,6.6
103819,6.6
103865,4.6
103883,6.7
103980,7.3
103984,7.8
104017,4.6
104069,8.4
104074,5.8
104076,5.4
104078,6.9
104129,6.1
104141,6.7
104211,7.0
104218,5.4
104241,6.6
104243,6.4
104245,5.7
104272,8.1
104283,7.8
104303,5.9
104337,7.2
104339,6.7
104374,7.8
104419,7.3
104457,6.6
104644,7.1
104760,4.4
104780,8.1
104837,5.7
104841,7.7
104863,6.8
104875,7.2
104879,8.1
104906,6.3
104908,6.6
104913,8.1
104925,6.3
104944,8.0
105020,4.6
105037,5.8
105121,5.2
105197,7.7
105211,7.0
105213,6.6
105246,6.5
105250,8.9
105254,5.8
105325,5.7
105351,5.6
105355,7.8
105468,6.4
105504,7.8
105540,4.6
105585,5.6
105593,7.1
105653,6.7
105720,7.0
105731,5.9
105746,5.5
105755,5.3
105801,5.2
105835,6.5
105844,8.1
105954,6.9
106002,6.6
106062,6.5
106072,6.9
106100,8.0
106144,7.3
106330,6.6
106438,7.6
106441,7.6
106487,7.5
106489,7.8
106491,6.3
106540,6.4
106542,6.4
106594,5.4
106642,9.4
106648,6.8
106696,7.5
106766,7.5
106782,8.2
106785,6.5
106839,7.1
106873,7.0
106883,5.6
106889,7.8
106916,7.2
106918,7.3
106920,8.0
106927,5.3
107013,6.9
107069,7.5
107141,7.5
107159,7.4
107314,5.8
107338,7.0
107348,6.3
107406,7.1
107408,8.5
107410,8.3
107412,8.4
107436,5.9
107447,6.0
107449,6.7
107462,6.2
107565,7.0
107630,5.8
107702,6.4
107723,6.8
107771,7.3
107780,7.8
107846,6.4
107945,4.5
107951,6.4
107953,7.2
107962,5.2
107997,5.9
107999,6.8
108078,7.0
108090,7.5
108156,6.2
108188,6.2
108190,6.7
108192,7.3
108540,7.9
108601,6.3
108689,5.1
108715,6.3
108727,6.9
108729,6.9
108795,7.4
108928,6.1
108932,7.8
108945,6.2
108949,6.3
108981,6.7
109042,5.7
109161,7.2
109183,5.8
109187,6.1
109191,6.2
109241,5.8
109282,7.3
109295,5.7
109313,4.6
109317,5.9
109372,6.1
109374,8.1
109383,6.3
109416,5.4
109483,6.2
109487,8.6
109569,6.2
109576,5.0
109578,7.0
109596,7.6
109633,7.6
109673,6.2
109687,7.4
109723,5.2
109846,6.8
109848,6.3
109850,6.5
109853,6.6
109864,6.8
109895,6.7
109897,5.8
109941,7.0
109968,7.2
109971,6.6
110102,7.8
110127,5.8
110130,5.7
110281,7.3
110286,6.3
110297,6.4
110330,6.6
110350,8.0
110387,7.1
110501,8.0
110541,5.8
110553,6.6
110586,7.4
110591,6.5
110603,4.8
110611,6.8
110655,6.3
110669,7.5
110718,6.2
110730,6.3
110746,5.7
110771,6.0
110773,4.7
110781,5.8
110826,5.7
110882,7.1
111113,6.3
111146,4.7
111320,5.5
111360,6.4
111362,8.0
111364,6.4
111375,6.0
111384,7.1
111443,7.3
111551,6.3
111617,6.5
111622,7.4
111659,7.0
111663,4.8
111680,6.5
111732,7.5
111743,6.1
111759,7.9
111781,7.4
111785,3.8
111795,7.0
111800,6.0
111817,5.7
111844,5.6
111913,7.2
111921,7.7
112006,7.7
112070,6.2
112138,7.0
112171,7.2
112175,7.8
112183,7.7
112290,7.9
112303,5.8
112316,6.8
112326,3.7
112334,8.1
112370,5.7
112421,7.0
112450,5.5
112454,6.8
112460,6.0
112497,4.9
112512,7.5
112515,6.8
112552,8.5
112556,8.1
112580,5.7
112623,7.6
112727,6.2
112749,5.8
112788,5.1
112804,7.4
112818,6.5
112852,8.1
112868,6.1
112897,6.1
112911,6.0
112940,6.8
113159,5.6
113186,6.1
113207,6.9
113225,6.6
113252,6.8
113275,7.3
113278,7.5
113280,6.9
113313,6.0
113345,5.3
113348,5.8
113350,6.1
113374,7.8
113378,6.5
113394,6.3
113416,5.3
113453,6.4
113532,6.4
113565,6.1
113573,6.5
113604,6.8
113705,7.3
113741,7.2
113780,6.2
113829,7.1
113849,6.1
113862,6.7
114028,7.8
114044,5.7
114060,7.1
114066,7.5
114074,6.8
114126,7.1
114180,6.8
114184,6.9
114246,6.5
114265,6.4
114335,6.7
114396,6.4
114494,7.6
114554,8.0
114601,6.6
114627,7.7
114662,7.3
114670,5.3
114678,7.0
114707,6.5
114713,5.4
114762,6.4
114795,6.3
114818,6.5
114847,6.1
114925,5.9
114935,7.5
115065,6.0
115111,7.8
115122,7.7
115149,7.4
115151,6.0
115170,7.4
115203,8.3
115210,7.6
115216,6.7
115231,7.3
115502,6.2
115569,7.9
115617,7.8
115664,7.3
115667,7.2
115680,6.5
115713,7.7
115727,7.5
115819,7.2
115828,7.2
115877,7.3
115969,8.5
116044,4.8
116138,7.6
116169,6.9
116207,6.7
116411,8.2
116413,6.2
116419,4.4
116505,6.0
116529,5.6
116668,6.9
116718,6.8
116724,7.6
116738,5.4
116797,8.0
116799,6.7
116817,7.5
116823,6.6
116849,5.6
116887,6.0
116897,8.1
116941,5.6
116963,5.1
116977,5.6
116985,5.4
117107,5.7
117109,8.5
117133,6.4
117176,7.7
117192,8.4
117364,8.2
117368,7.4
117444,8.1
117466,6.9
117511,6.7
117529,7.0
117531,6.9
117533,8.1
117545,6.9
117572,5.0
117590,6.3
117630,4.0
117646,4.6
117849,7.2
117851,6.7
117867,7.2
117877,7.2
117881,7.5
117887,7.2
117895,6.3
117922,6.5
118082,6.4
118166,8.0
118198,7.2
118248,4.4
118270,4.8
118290,4.5
118326,4.8
118354,7.0
118512,5.4
118530,4.9
118572,6.3
118696,7.4
118700,7.5
118702,7.2
118706,6.4
118814,6.0
118834,4.5
118862,7.0
118880,7.0
118888,8.5
118894,7.2
118896,8.1
118900,7.2
118924,6.4
118930,8.3
118985,7.0
118997,6.0
119068,6.7
119141,6.5
119145,7.7
119153,8.3
119155,6.2
119167,4.6
119218,8.2
119655,5.5
119714,6.8
119828,6.6
119964,5.1
120130,7.9
120138,8.2
120466,6.8
120478,8.4
120625,8.0
120635,6.0
120637,5.4
120761,7.8
120783,6.5
120799,6.4
120807,8.2
120813,7.6
120827,8.0
120919,6.6
121007,4.5
121035,7.4
121097,5.9
121099,5.8
121129,3.7
121169,6.6
121171,7.6
121231,6.9
121253,5.6
121338,6.4
121342,6.1
121372,8.3
121374,8.3
121469,4.7
121715,8.2
121781,4.3
122092,5.1
122246,3.9
122260,7.5
122433,3.6
122490,5.4
122627,5.6
122882,8.1
122884,6.1
122886,8.0
122888,5.7
122890,6.8
122892,7.3
122896,6.6
122898,6.5
122900,7.3
122902,4.3
122904,8.0
122906,7.3
122912,8.5
122916,7.9
122918,7.7
122920,7.8
122922,7.5
122924,7.0
122926,7.5
122932,6.5
123200,8.2
123310,4.7
123545,6.6
123553,3.2
123947,6.4
124273,7.4
124404,4.5
124484,7.5
124851,6.9
124853,7.4
124859,6.0
125221,4.1
125914,5.5
125916,4.1
125970,6.9
125974,6.3
126088,7.0
126090,8.3
126142,7.6
126420,5.1
126426,6.8
126430,8.3
126482,5.8
126548,6.5
126577,4.4
126921,5.4
127052,8.6
127096,6.4
127098,7.8
127108,7.5
127114,7.3
127116,6.6
127130,6.7
127132,5.8
127134,6.3
127136,6.3
127146,7.6
127152,8.0
127164,7.6
127172,7.1
127180,8.4
127184,6.4
127194,5.0
127198,7.2
127202,7.8
127204,6.1
127212,6.9
127298,7.0
127319,6.3
127323,4.2
127390,8.3
128087,4.5
128089,7.7
128097,7.2
128099,8.1
128197,5.8
128360,7.8
128366,7.4
128488,5.6
128512,6.3
128520,6.7
128542,6.2
128592,4.7
128594,7.0
128620,7.7
128695,7.1
128736,7.9
128832,5.9
128838,6.5
128842,5.2
128852,8.0
128900,7.5
128902,6.7
128908,7.0
128914,7.8
128944,4.9
128968,6.2
128975,5.1
128991,7.8
129011,8.5
129229,5.4
129250,4.1
129313,6.9
129333,4.6
129354,6.6
129397,6.8
129428,6.6
129514,8.6
129657,5.6
129659,7.4
129737,5.4
129779,7.2
129937,6.6
130050,5.8
130052,5.7
130073,6.9
130083,6.1
130087,5.8
130444,6.2
130450,5.8
130452,6.3
130482,7.4
130490,6.2
130498,6.3
130518,7.9
130520,6.6
130576,6.6
130578,5.8
130634,7.2
130686,6.6
130840,6.7
130842,7.8
130970,8.3
130976,7.6
130978,8.1
131013,6.0
131023,7.4
131098,5.5
131104,6.9
131130,6.5
131237,7.6
131439,5.9
131480,6.3
131578,5.1
131610,5.6
131656,7.4
131714,6.2
131724,8.7
131739,7.1
131749,6.6
131796,7.3
131826,6.9
131920,7.1
131934,4.7
132046,6.4
132084,5.6
132153,6.4
132157,4.4
132333,7.1
132335,7.1
132362,7.6
132422,4.1
132424,7.1
132454,6.4
132462,4.4
132488,5.2
132496,7.0
132584,6.3
132618,4.4
132660,6.8
132796,6.1
132800,5.9
132888,7.8
133115,7.1
133195,5.7
133217,6.4
133281,5.9
133365,5.8
133377,5.4
133419,6.4
133545,6.4
133645,7.2
133712,8.4
133716,8.2
133771,7.1
133780,7.5
133782,5.6
133798,5.1
133802,6.9
133832,5.3
133867,5.4
133879,6.6
134004,5.5
134019,8.2
134021,7.1
134041,8.0
134095,8.0
134109,7.4
134130,8.0
134158,5.1
134170,8.0
134184,7.5
134214,7.3
134246,5.6
134248,6.1
134252,8.5
134326,7.7
134334,6.7
134368,7.0
134393,6.2
134515,5.4
134524,7.0
134528,5.4
134775,6.0
134783,6.6
134796,8.2
134808,4.5
134847,6.4
134849,8.6
134853,8.2
134859,7.0
134861,7.2
134881,7.4
135133,6.6
135137,5.6
135143,7.3
135198,6.5
135216,2.3
135288,6.9
135436,6.5
135456,8.3
135518,6.5
135532,6.0
135534,6.2
135536,6.0
135567,5.2
135569,7.1
135777,7.4
135787,8.1
135803,7.5
135815,6.8
135861,6.3
135885,6.0
135887,6.4
135937,4.7
136012,4.3
136016,6.7
136018,6.9
136020,6.8
136024,6.8
136297,3.8
136305,4.1
136341,6.6
136353,6.8
136355,7.0
136359,6.3
136443,8.0
136445,8.7
136447,8.6
136449,8.0
136469,8.5
136471,7.4
136503,6.6
136511,7.1
136540,5.6
136556,6.9
136562,7.2
136564,6.6
136598,6.1
136602,6.3
136654,4.6
136664,4.8
136666,5.6
136778,5.4
136786,5.7
136800,4.6
136816,5.3
136834,4.8
136840,6.3
136850,6.7
136859,4.6
136864,6.5
136912,6.0
136958,5.1
137218,6.6
137337,7.8
137345,6.0
137517,2.3
137595,5.6
137857,7.4
137859,7.1
137863,7.3
138036,7.3
138186,3.0
138204,7.1
138208,7.3
138210,7.3
138396,6.4
138546,4.6
138610,4.2
138632,6.5
138702,8.3
138798,4.2
138835,8.4
138966,7.0
139052,6.2
139130,7.7
139157,6.1
139385,8.0
139415,6.6
139511,6.4
139640,5.8
139642,7.4
139644,7.6
139655,6.7
139717,4.7
139747,6.8
139855,7.3
139857,7.1
139859,7.3
139915,5.7
139994,5.8
140016,4.8
140038,7.0
140110,7.1
140133,5.1
140162,6.1
140174,8.2
140237,4.7
140247,7.1
140265,8.8
140267,6.8
140289,6.7
140301,6.0
140359,8.8
140481,7.7
140523,6.2
140525,6.3
140541,6.6
140561,8.0
140627,7.2
140711,6.1
140715,7.9
140725,6.3
140737,8.3
140816,7.1
140850,6.1
140852,5.5
140928,6.6
140956,7.5
141004,6.0
141131,4.0
141400,7.1
141408,6.3
141422,6.9
141513,5.4
141544,6.7
141646,4.6
141668,6.5
141688,7.0
141718,6.3
141749,7.1
141799,5.7
141810,8.0
141816,8.4
141818,8.4
141820,7.5
141830,7.7
141836,7.8
141844,8.3
141846,6.9
141866,7.0
141890,7.8
141928,5.7
141994,1.5
142020,7.6
142056,4.8
142074,4.9
142115,8.9
142196,4.3
142222,7.0
142366,7.7
142372,6.1
142420,5.6
142422,6.4
142424,5.9
142444,6.0
142448,7.1
142456,7.1
142488,8.1
142507,7.0
142509,6.7
142536,6.6
142550,5.5
142558,6.0
142598,5.8
142602,6.0
142831,6.8
142961,7.2
142997,6.7
143001,6.1
143031,5.4
143245,7.7
143255,4.4
143257,6.4
143355,7.5
143365,5.3
143367,7.2
143385,7.6
143410,6.5
143458,6.9
143472,5.3
143511,8.7
143525,6.0
143559,3.5
143859,6.3
143896,7.6
143969,7.1
144210,7.3
144222,6.4
144262,5.8
144352,7.2
144478,6.6
144522,6.2
144606,7.1
144620,6.3
144714,5.6
144716,5.5
144734,5.9
144976,7.1
145080,6.5
145150,7.1
145283,7.6
145418,7.5
145491,5.2
145724,5.4
145745,5.3
145839,7.1
145935,7.1
145951,3.0
145994,8.2
146024,7.8
146028,8.8
146210,5.8
146244,7.1
146309,7.7
146656,7.6
146662,7.6
146682,7.6
146684,6.9
146688,6.4
146730,6.1
146986,5.8
147002,6.0
147142,6.8
147196,8.0
147250,8.6
147282,6.5
147286,8.4
147300,8.0
147326,8.5
147328,8.5
147330,8.7
147372,8.3
147374,7.3
147376,8.6
147378,7.5
147380,7.5
147382,7.7
147384,7.6
147410,6.8
147657,7.2
147662,7.3
148166,7.4
148172,5.2
148238,5.5
148424,5.7
148482,6.8
148592,5.8
148626,7.8
148632,6.4
148652,4.8
148667,7.9
148671,7.6
148675,6.4
148709,5.2
148775,6.3
148881,8.1
148888,4.7
148956,6.1
148978,7.2
148982,5.2
149011,6.4
149144,7.0
149146,6.5
149330,6.9
149334,7.5
149350,4.3
149352,6.2
149354,6.0
149380,6.5
149406,7.1
149508,6.9
149566,5.7
149590,6.1
149612,4.6
149830,5.8
149902,4.8
150254,6.4
150401,5.0
150548,8.2
150554,5.3
150596,8.6
150604,6.1
150696,8.1
150993,6.1
151311,5.9
151315,5.9
151317,6.2
151455,7.4
151479,7.1
151501,4.3
151557,5.1
151559,5.1
151653,6.1
151687,6.3
151695,6.4
151739,5.9
151745,3.6
151759,8.1
151763,7.6
151769,8.2
151777,6.8
151781,8.0
152037,7.4
152063,5.4
152065,7.9
152071,7.1
152077,7.2
152079,5.9
152081,8.0
152083,6.6
152085,6.0
152091,6.2
152105,6.9
152173,8.7
152270,6.6
152284,8.2
152372,5.9
152591,7.1
152658,5.0
152711,7.8
152970,7.9
153070,7.0
153236,7.1
153386,7.7
153408,6.9
154065,5.2
154358,7.8
154975,7.4
155064,6.2
155168,7.1
155288,7.3
155358,5.0
155509,6.3
155589,6.6
155659,6.8
155743,6.0
155774,6.8
155812,5.3
155820,6.3
155892,5.4
156025,5.9
156371,7.0
156387,8.0
156553,6.1
156605,7.4
156607,6.1
156609,5.7
156675,5.4
156706,5.4
156726,6.6
156781,8.0
156783,8.0
157108,6.8
157110,7.1
157122,7.2
157130,5.8
157172,1.8
157200,6.5
157270,5.9
157296,7.3
157312,5.4
157340,6.3
157369,7.1
157407,5.4
157432,4.6
157699,7.3
157775,7.2
157865,5.6
158022,3.8
158027,6.9
158035,8.2
158238,7.4
158254,4.5
158388,6.6
158398,7.7
158402,6.8
158528,6.3
158721,6.0
158783,8.1
158813,6.2
158830,6.4
158842,6.7
158872,6.2
158874,6.6
158882,6.1
158956,5.7
158966,7.9
158972,7.4
159061,7.4
159069,7.2
159077,6.3
159093,6.5
159161,7.5
159193,6.6
159403,7.2
159415,7.0
159441,5.7
159510,6.1
159690,6.0
159717,7.3
159755,6.7
159779,6.5
159811,8.0
159817,9.4
159849,8.4
159858,7.4
159976,7.2
160080,5.2
160271,6.3
160289,9.0
160341,5.8
160400,6.5
160422,7.0
160438,6.6
160440,4.5
160527,7.5
160563,6.3
160565,6.0
160567,6.0
160569,5.7
160571,6.3
160573,6.7
160644,6.8
160646,5.7
160684,5.5
160718,8.4
160730,5.2
160836,6.9
160848,7.5
160872,3.7
160954,6.5
160978,6.1
160980,7.5
161008,3.5
161024,7.7
161032,7.3
161044,6.4
161127,7.0
161131,7.1
161290,6.0
161354,6.5
161580,6.2
161582,7.6
161594,6.8
161634,7.1
161830,5.3
161918,4.0
161922,7.3
161966,7.1
162082,7.5
162344,7.5
162350,6.9
162414,7.4
162478,5.8
162578,7.8
162590,6.5
162598,7.1
162600,6.7
162602,6.5
162606,7.3
162828,6.5
162968,7.6
162982,7.9
163056,6.7
163072,8.4
163112,8.3
163134,8.4
163386,8.3
163527,7.3
163639,5.7
163645,8.1
163653,6.4
163809,8.9
163925,8.1
163937,5.0
163981,5.1
163985,6.4
164179,7.9
164200,6.8
164226,3.7
164280,7.6
164367,6.7
164375,4.9
164540,6.9
164647,5.5
164655,7.2
164707,5.9
164753,6.6
164881,4.3
164909,8.0
164917,8.2
165075,6.4
165101,6.2
165103,5.9
165139,5.6
165343,4.3
165347,6.1
165483,7.5
165489,7.8
165529,6.8
165549,7.8
165551,8.1
165635,5.6
165639,8.1
165645,5.6
165671,7.5
165843,6.3
165947,5.9
165959,7.2
165969,8.3
166015,7.0
166024,7.8
166183,8.1
166203,6.4
166291,8.2
166461,7.6
166492,5.8
166526,6.4
166528,7.8
166534,7.3
166558,5.8
166568,7.5
166635,7.0
166643,7.8
166705,7.2
166946,7.2
167018,6.2
167036,7.1
167064,7.8
167296,6.1
167370,5.8
167380,7.1
167538,4.0
167570,7.8
167634,5.6
167706,7.6
167732,7.4
167746,7.3
167772,7.5
167790,6.5
167854,6.4
168026,7.7
168090,7.8
168144,7.4
168174,7.0
168218,8.0
168248,7.5
168250,7.7
168252,8.1
168254,6.6
168266,7.2
168326,7.6
168350,5.7
168358,5.1
168366,7.2
168418,6.3
168456,4.3
168492,7.9
168608,7.4
168612,6.4
168632,7.1
168712,4.6
168846,7.9
169034,8.2
169180,6.1
169670,5.8
169904,6.0
169912,7.6
169958,6.1
169982,6.0
169984,6.4
169992,6.4
170289,4.2
170297,6.7
170355,8.3
170357,8.0
170399,6.0
170401,5.8
170411,7.9
170551,7.1
170597,8.3
170697,7.6
170705,9.5
170777,8.6
170813,5.6
170817,4.5
170827,5.5
170837,5.7
170875,6.7
170897,5.1
170907,7.2
170937,6.2
170939,6.2
170945,6.2
170957,6.8
170993,5.8
171011,9.5
171023,6.5
171251,6.5
171495,9.2
171631,6.0
171695,8.5
171701,6.8
171749,9.0
171751,8.2
171759,6.3
171763,7.6
171765,7.3
171811,4.7
171867,5.2
171891,6.1
171917,6.4
172013,6.8
172215,6.1
172229,6.4
172233,6.1
172253,6.4
172321,8.3
172461,7.4
172497,7.8
172547,6.3
172577,8.5
172583,8.0
172585,8.1
172587,8.3
172589,8.4
172591,9.2
172637,8.2
172705,8.3
172793,8.0
172825,7.9
172875,7.6
172881,7.6
172887,7.6
172909,8.0
173145,7.4
173197,7.2
173205,6.9
173209,6.0
173235,6.8
173253,6.6
173255,7.1
173291,6.5
173307,4.1
173317,7.5
173351,8.3
173355,8.0
173535,8.5
173619,7.1
173751,4.5
173873,7.0
173925,6.9
173941,6.7
173963,7.3
174045,5.8
174053,9.2
174055,7.9
174141,7.4
174403,7.7
174479,8.0
174551,8.5
174681,7.8
174727,7.3
174737,7.0
174815,5.6
174909,7.0
175197,5.7
175199,6.5
175293,7.9
175303,7.4
175387,7.9
175397,8.3
175401,7.9
175431,7.9
175435,8.1
175475,3.2
175485,4.5
175569,7.7
175577,6.7
175585,7.3
175661,6.9
175693,8.7
175705,7.2
175707,7.3
175743,6.7
176051,5.3
176101,6.8
176329,6.8
176371,8.0
176389,5.5
176413,6.3
176415,5.6
176419,6.6
176423,7.9
176579,4.1
176601,6.0
176621,7.2
176751,7.2
176805,5.9
176935,5.3
177185,6.6
177285,7.4
177593,8.2
177615,7.4
177763,6.5
177765,8.4
177939,7.6
178061,7.5
178111,5.5
178129,7.0
178323,7.1
178613,8.8
178615,6.1
178827,7.9
179053,6.9
179073,6.4
179119,7.2
179133,7.8
179135,9.3
179211,6.4
179401,7.0
179427,6.3
179491,6.3
179511,6.0
179709,6.2
179749,6.4
179813,6.5
179815,6.4
179817,7.4
179819,7.1
179953,5.5
180031,7.3
180045,7.5
180095,8.0
180231,6.0
180263,6.1
180265,7.7
180297,7.4
180497,7.2
180985,7.6
180987,6.7
181065,6.9
181139,6.1
181315,7.5
181413,7.8
181659,6.5
181719,7.1
182293,6.8
182297,7.8
182299,6.8
182639,8.1
182715,6.9
182727,4.6
182731,5.8
182749,6.2
182793,6.8
182823,6.4
183011,6.3
183197,8.1
183199,7.2
183227,7.7
183295,5.7
183301,8.3
183317,6.3
183611,7.0
183635,6.2
183897,7.9
183911,5.1
183959,7.5
184015,6.4
184053,4.0
184245,6.4
184253,5.6
184257,8.6
184349,7.6
184471,6.3
184641,5.8
184721,7.1
184791,5.8
184931,6.4
184987,4.2
184997,7.6
185029,7.6
185031,6.7
185033,6.2
185135,9.1
185435,5.4
185473,6.2
185585,5.6
186587,6.1
187031,6.2
187541,7.7
187593,7.8
187595,7.0
187717,8.4
188189,7.0
188301,7.1
188675,7.3
188751,6.7
188797,6.5
188833,6.5
189043,4.7
189111,4.3
189333,7.8
189381,5.1
189547,1.2
189713,7.5
190183,5.7
190207,7.6
190209,6.6
190213,6.5
190215,6.6
190219,6.8
191005,6.3
193565,7.5
193567,7.4
193571,6.8
193573,7.0
193579,6.5
193581,7.7
193583,7.6
193585,6.3
193587,7.0
193609,5.4
